Coffee,Vegan mincepie
Tea,Muffin,Farm House
Ellas Kitchen Pouches,Juice,Bread,Muffin,Jam
Sandwich,Salad,Bread,Juice
Coffee,Smoothies,Soup,Sandwich,Cake
Bread,Bread,Medialuna
Chocolates,Chocolates,Coffee,Tea
Alfajores,Medialuna,Brownie
Fudge,Fudge,Coffee,Alfajores
Pastry,Bread,Pastry
Coffee,Hearty & Seasonal,Hearty & Seasonal,Alfajores,Alfajores,Cake,Bread
Cake,Juice
Chicken Stew,Sandwich,Mineral water
Coffee,Cookies,Toast
Bread,Bread,Scone,Sandwich,Alfajores
Soup,Jam,Coffee,Coffee
Tea,Bread,Salad,Sandwich
Sandwich,Bread,Alfajores,Fudge
Coffee,Coke,Salad
Coffee,Tea,Juice,Smoothies,Jammie Dodgers,Muffin,Juice,Bakewell
Tea,Tea,Soup,Bakewell
Farm House,Cake,Medialuna,Tea,Coffee
Tea,Hot chocolate,Cake,Eggs,Fudge,Bread
Coffee,Soup,Sandwich
Bread,Coffee,Brioche and salami
Medialuna,Tea,Brownie,Tea,Soup,Soup
Sandwich,Sandwich
Sandwich,Tea,Cake,Coffee
Scone,Farm House
Bread,Tacos/Fajita
Chicken Stew,Mineral water,Tea
Pastry,Baguette
Coffee,Coffee,Hot chocolate,Sandwich
Eggs,Bread
Coffee,Medialuna,Bread,Eggs
Pastry,Hot chocolate
Soup,Tea,Tea
Coffee,Coffee,Coffee,Bread,Cookies,Alfajores,Sandwich,Sandwich
Coffee,Coffee,Bread,Cookies
Pastry,Scone
Bread,Pastry,Truffles
Alfajores,Jammie Dodgers,Cake,Tiffin,Cake
Toast,Coffee,Smoothies
Tea,Coffee,Sandwich,Cake
Sandwich,Bread,Cake,Cake
Bread,Tea,Lemon and coconut,Cake
Tea,Bread,Hot chocolate,Tiffin
Bread,Coffee,Alfajores,Vegan mincepie
Tea,Juice,Cookies
Cake,Bread
Cookies,Bread,Bread
Hot chocolate,Bread,Muffin
Medialuna,Coffee,Bread,Frittata,Muffin
Coffee,Tea,Sandwich,Toast
Tacos/Fajita,Coke
Cake,Cake,Juice
Sandwich,Truffles,Cake
Coffee,Soup,Sandwich,Cake
Jam,Coffee,Tartine,Pastry,Tea
Coffee,Tea,Scone,Cake
Cake,Hot chocolate,Tea
Coffee,Coffee,Bakewell,Medialuna
Coffee,Alfajores,Pastry
Coffee,Pastry
Tea,Hot chocolate,Spanish Brunch,Granola,Sandwich
Coffee,Coffee,Coffee,Cake,Bread,Alfajores
Spanish Brunch,Smoothies
Bread,Coffee,Pastry,Spanish Brunch
Muffin,Alfajores
Tea,Coke,Cake
Sandwich,Truffles,Coffee,Pastry
Brownie,Bread,Scandinavian
Bread,Coffee,Cake,Cookies
Bread,Scone,Juice
Cake,Cake,Coffee
Tea,Coffee,Jammie Dodgers,Cake,Bread
Cookies,Brownie,Coffee
Frittata,Tea,Coffee
Hot chocolate,Coffee,Toast,Bread
Tiffin,Sandwich
Coffee,Juice,Cookies,Cake
Coffee,Truffles,The Nomad,Muffin
Farm House,Medialuna,Pastry
Coffee,Mineral water,Sandwich,Spanish Brunch,Alfajores,Truffles,Tea
Hot chocolate,Coffee,Scone,Cake
Soup,Tea
Tea,Hot chocolate
Bread,Hot chocolate,Scone
Coffee,Fudge,Brownie
Coffee,Tea,Brownie,Farm House
Coffee,Soup
Hearty & Seasonal,Soup
Coffee,Alfajores,Farm House
Coffee,Spanish Brunch,Coffee,Toast,Sandwich,Bread
Coffee,Hot chocolate,Alfajores
Farm House,Bread
Bread,Tiffin,Brownie,Bread,Farm House
Muffin,Smoothies
Juice,Brownie
Cake,Tea,Coffee
Coffee,Coffee,Keeping It Local,Bread
Coffee,Coffee,Cake,Bread,Dulce de Leche,Bread
Sandwich,Coffee,Coffee
Cookies,Muffin,Tea,Spanish Brunch,Soup
Cake,Pastry,Bread
Pastry,Coffee,Coffee,Muffin,Alfajores
Bread,Pastry,Coffee,Eggs
Bread,Coffee,Jam
Coffee,Brownie,Coffee
Tea,Coke,Frittata,Sandwich
Alfajores,Bread
Coffee,Bread,Vegan mincepie,Cake
Bread,Sandwich,Brownie,Cookies,Bread
Cake,Sandwich,Sandwich,Coffee
Coke,Cake
Bread,Coffee,Juice,Cake
Muffin,Pastry
Tea,Coffee,Honey,Cookies
Coffee,Hearty & Seasonal,Keeping It Local
Tea,Hot chocolate,Truffles
Bread,Coffee,Bread,Hot chocolate
Bread,Cake,Spanish Brunch
Scone,Coffee,Tea
Bread Pudding,Soup,Coffee
Juice,Bread,Art Tray,Toast
Bread,Hot chocolate
Jammie Dodgers,Farm House
Coffee,Tea,Hot chocolate
Coffee,Brownie,Farm House
Bread,Focaccia,Farm House
Coffee,Coffee,Pastry,Sandwich
Farm House,Eggs,Bread,Medialuna
Bread,Cookies,Pastry
Coffee,Spanish Brunch,The Nomad,Cake,Tiffin
Cake,Cookies,Cookies,Coffee,Coffee,Juice
Jammie Dodgers,Vegan mincepie
Vegan Feast,Pastry,Coffee,Coffee
Medialuna,Medialuna,Pastry,Alfajores
Coffee,Coffee,Medialuna,Cookies
Bread,Muffin,Pastry
Coffee,Coffee,Coffee,Cookies
Juice,Coffee,Sandwich,Sandwich
Scandinavian,Tea,Coffee
Coffee,Coffee,Pastry,Pastry
Farm House,Hot chocolate,Coffee
Coffee,Coffee,Soup
Juice,Truffles,Bread,Alfajores,Tacos/Fajita
Coke,Tea,Cake
Bread,Cake
Pastry,Bread,Cake
Bread,Coffee,Coffee,Coffee
Bread,Jam,Spread
Farm House,Coffee
Coffee,Cake,Muffin
Scandinavian,Eggs
Juice,Tea,Cake
Tea,Tea,Bread
Medialuna,Muffin
Soup,Cake,Coffee,Coffee
Scone,Coffee,Coffee,Spanish Brunch
Coffee,Tea,Chicken Stew
Scone,Bread,Bread
Bread,Bread,Coffee
Coffee,Coffee,Coffee,Coffee,Cake
Salad,Coffee
Juice,Tea,Cookies
Scone,Bread,Spanish Brunch
Coffee,Coffee,Juice,Cake,Scone
Tea,Coffee,Medialuna,Art Tray
Coffee,Scandinavian,Focaccia
Cake,Alfajores,Coffee
Tea,Tiffin
Bread,Coffee,Pastry,Chicken Stew
Cake,Cookies,Coffee,Hot chocolate
Tea,Cake
Spanish Brunch,Tea,Bread,Cake
Coffee,Jammie Dodgers,Muffin,Tea
Brownie,Alfajores
Tea,Hot chocolate,Cookies
Pastry,Coffee,Bread
Sandwich,Coke
Coffee,Juice,Mineral water,Salad,Sandwich,Drinking chocolate spoons 
Bread,Coffee,Sandwich
Muesli,Cookies,Tea,Coffee
Smoothies,Sandwich,Soup
Coffee,Coffee,Juice,Scone,Cookies
Coffee,Coffee,Bread,Toast
Bread,Tiffin,Coffee
Bread,Coke
Cake,Coke
Bread,Coffee,Coffee,Cookies
Scone,Pastry,Cake,Alfajores
Alfajores,Bread,Tea,Coffee
Brownie,Cake
Medialuna,Pastry
Coffee,Juice,Bakewell
Juice,Chicken Stew
Bread,Pastry
Coffee,Truffles,Pastry,Bread
Cookies,Coffee,Bread,Juice
Coffee,Bread,Cookies,Brownie
Medialuna,Bread,Farm House
Tea,Spanish Brunch
Sandwich,Tea,Tea
Brownie,Coffee,Bread
Tiffin,Mineral water
Coffee,Coffee,Cookies,Scone
Coffee,Coffee,Alfajores,Scone
Medialuna,Bread,Tea,Coffee,Coffee,Ellas Kitchen Pouches
Coffee,Brownie,Cake
Medialuna,Scone,Focaccia
Sandwich,Toast,Tea,Tea
Medialuna,Coffee,Toast
Coffee,Coffee,Toast
Cookies,Scandinavian
Spanish Brunch,Soup,Tea,Tea
Tea,Coke
Coffee,Coffee,Baguette
Fudge,Jam
Coffee,Muffin
Coffee,Hot chocolate,Cake
Bread,Focaccia,Fudge
Bread,Pastry,The Nomad
Bread,Bread,Coffee,Coffee,Coffee,Tiffin,Medialuna,Sandwich
Pastry,Pastry,Coffee,Juice
Coffee,Tea,Brownie,Sandwich,Sandwich,Bread
Fudge,Fudge
Cookies,Soup
Truffles,Bread,Sandwich,Soup
Tea,Medialuna,Bread
Bread,Bread,Tea,Jammie Dodgers,Tiffin
Cake,Bread,Muffin
Cake,Cake
Coffee,Jammie Dodgers,Bread
Bread,Jam,Jam,Fudge,Fudge
Pastry,Alfajores
Coffee,Soup,Art Tray,Pastry
Brownie,Coke
Pastry,Medialuna,Muffin
Coffee,Juice,Medialuna,Crisps
Hot chocolate,Sandwich
Empanadas,Tea
Medialuna,Cookies,Juice,Ellas Kitchen Pouches,Tea
Spanish Brunch,Art Tray,Coffee,Coffee,Juice
Hot chocolate,Bread
Brownie,Muffin,Scandinavian
Alfajores,Truffles
Soup,Coffee,Coffee,Coffee,Cake
Salad,Sandwich,Tea,Tea,Scone,Cookies
Focaccia,Panatone,Fudge
Coffee,Coffee,Toast,Granola
Coffee,Coffee,Vegan mincepie,Cake
Tea,Coffee,Muffin
Hot chocolate,Soup
Focaccia,Tea,Tea,Scone
Hot chocolate,Hearty & Seasonal,Pick and Mix Bowls,Brownie
Coffee,Hot chocolate,Bread,Cake,Sandwich
Frittata,Coffee,Tea,Hearty & Seasonal
Granola,Spanish Brunch,Bread,Mineral water,Tea
Coffee,Tea,Toast
Truffles,Hearty & Seasonal
Pastry,Muffin,Coffee,Tea
Medialuna,Hot chocolate,Cake,Alfajores,Truffles
Alfajores,Brownie
Juice,Muffin,Brownie
Tea,Toast,Coffee
Bread,Honey,Jammie Dodgers
Coffee,Coffee,Vegan mincepie
Coffee,Coffee,Medialuna
Spanish Brunch,Coffee
Scandinavian,Scandinavian
Ellas Kitchen Pouches,Coffee,Coffee,Medialuna,Pastry
Hot chocolate,Bread,Bread,Jam,Christmas common
Medialuna,Coffee
Tea,Brownie,Cake
Cookies,Coffee,Pastry,Cookies
Cake,Coffee
Coffee,Bread,Spanish Brunch
Muffin,Coffee,Coffee
Alfajores,Scone
Coffee,Coffee,Cake,Scone
Coffee,Cookies,Bread,Toast
Coffee,Mineral water,Frittata
Bread,Bread,Brownie,Scone
Coffee,Medialuna,Alfajores
Bread,Coffee,Medialuna,Bread
Hot chocolate,Tea,Cake,Brownie
Coffee,Medialuna,Brownie
Soup,Hearty & Seasonal
Tea,Hot chocolate,Cake,Salad
Bread,Vegan mincepie
Soup,Sandwich,Coffee
Cake,Truffles,Tea,Coffee,Salad,Chicken Stew
Coffee,The Nomad,Tartine
Coffee,Tea,Scone
Keeping It Local,Tea
Cake,Bread,Baguette
Coffee,Bread,Tea,Pastry,Tiffin,Cake
Coffee,Tea,Spanish Brunch,Alfajores,Cake
Hearty & Seasonal,Coffee,Cake
Coffee,Bread,Cake,Tiffin
Hot chocolate,Scone
Bread,Brownie,Juice,Cake
Muffin,Coffee,Tea
Baguette,Bread,Coffee,Coffee
Tea,Tea,Spanish Brunch
Cookies,Cake,Coffee,Hot chocolate
Tea,Keeping It Local
Jam,Coffee,Coffee,Bread
Scone,Coke,Coffee,Soup
Bread,Coffee,Cookies,Scone
Coffee,Coke,Soup
Hot chocolate,Cookies,Pastry
Coffee,Coffee granules ,Extra Salami or Feta,Salad
Coffee,Fudge,Jam,Fudge,Fudge
Tea,Muffin,Jammie Dodgers
Coffee,Cake,Tiffin
Juice,Bread,Muffin
Muffin,Scone,Coffee
Tea,Chicken Stew
Sandwich,Sandwich,Bread,Fudge
Medialuna,Medialuna,Cake,Scone
Farm House,Coke,Soup
Hearty & Seasonal,Tea,Farm House
Sandwich,Medialuna
Sandwich,Sandwich,Cookies
Tea,Raspberry shortbread sandwich
Farm House,Coffee,Hot chocolate
Coffee,Medialuna,Baguette
Coffee,Coffee,Bread,Tea,Alfajores,Medialuna,Pastry,Jam
Smoothies,Tea,Chicken Stew,Spanish Brunch,Farm House,Cake
Cookies,Pastry,Coffee,Coffee
Tea,Tea,Cake,Medialuna,Medialuna,Coffee,Scandinavian
Tea,Coffee,Scone
Basket,Bread,Coffee
Hot chocolate,Tea,Medialuna
Coffee,Brownie,Medialuna
Hot chocolate,Coffee,Coffee,Tea,Cake,Cake,Medialuna,Pastry,Farm House
Sandwich,Sandwich,Coffee,Scone
Coffee,Tea,Soup
Farm House,Farm House
Hearty & Seasonal,Coffee,Coffee
Cake,Brownie,Mineral water,Coffee,Tea,Hot chocolate
Tea,Scone,Medialuna
Soup,Hearty & Seasonal,Tea
Alfajores,Juice,Coffee,Coffee,Medialuna,Cookies
Coffee,Jammie Dodgers,Juice
Frittata,Tea
Scone,Coffee,Coffee,Coffee,Cake
Coffee,Tea,Cookies,Pastry
Soup,Frittata,Brownie,Coffee,Tea
Coffee,Jammie Dodgers,Pastry
Bread,Alfajores,Alfajores
Coffee,Muffin,Alfajores,Coffee
Tea,Alfajores,Pastry
Pastry,Cake,Bread
Brownie,Hot chocolate,Coffee
Bread,Smoothies,Chicken Stew
Coffee,Coffee,Coffee,Toast,Cookies
Soup,Cake,Juice
Cake,Coffee,Bread
Jam,Coffee,Hot chocolate,Toast
Jammie Dodgers,Cake,Coffee,Coffee
Tea,Juice,Tacos/Fajita
Medialuna,Bread
Scone,Coffee,Coffee,Coffee
Cake,Scone
Tiffin,Smoothies,Coffee
Coffee,Scone,Juice
Hot chocolate,Coffee,Pastry,Cookies
Bread,Mineral water,Drinking chocolate spoons ,Coffee
Pastry,Pastry,Coffee,Coffee,Bread
Coffee,Scandinavian,Brownie
Tea,Muffin,Sandwich
Farm House,Bread,Coffee,Toast
Bread,Christmas common
Coffee,Coffee,Hot chocolate,Brownie,Hearty & Seasonal
Truffles,Coffee,Sandwich,Sandwich,Bread
Coffee,Medialuna,Muffin
Bread,Bread,Scone,Sandwich,The Nomad
Hot chocolate,Coffee,Mineral water,Tiffin,Cake
Coffee,Keeping It Local,Bread
Cake,Truffles,Chicken Stew,Sandwich
Truffles,Tea,Soup,Salad,Cookies,Bread
Tea,Brownie,Cookies
Coffee,Tea,Truffles
Bread,Scandinavian,Fudge,Granola,Pastry,Coffee
Coffee,Cake,Juice
Spanish Brunch,Truffles,Juice,Coffee,Tiffin
Toast,Pastry,Tea,Coffee,Coffee
Truffles,Bread
Alfajores,Coffee,Bread
Hot chocolate,Coffee,Bread,Toast,Medialuna,Alfajores,Fudge
Bread,Toast,Medialuna
Bread,Mineral water,Sandwich,Tea
Hot chocolate,Cake
Cake,Pastry
Coffee,Spanish Brunch,Bread
Muffin,Bread,Bread,Coffee
Sandwich,Medialuna,Tea,Coffee
Brownie,Medialuna,Hot chocolate,Coffee
Cookies,Tea
Medialuna,Bread,Tea
Brownie,Coffee,Coffee
Coffee,Coke,Coffee
Bread,Fudge
Coffee,Coffee,Hot chocolate,Cake,Cake
Tea,Hot chocolate,Scone
Alfajores,Brownie,Bread,Bread
Bread,Coffee,Cookies,Brownie
Chicken Stew,Soup,Bread
Brownie,Sandwich,Baguette
Coffee,Alfajores,Juice,Ellas Kitchen Pouches,Brownie
Juice,Tea,Cookies,Bread,Jam
Coffee,Cake
Hearty & Seasonal,Smoothies
Cake,Coffee,Spanish Brunch
Bread,Sandwich,Bread
Scandinavian,Vegan mincepie
Hot chocolate,Coke,Cake
Soup,Salad,Extra Salami or Feta,Sandwich,Coffee,Coffee,Coffee
Tiffin,Cookies,Hot chocolate
Bread,Pastry,Cake
Bread,Bread,Tiffin,Sandwich
Tartine,Bread,Coffee
Medialuna,Medialuna,Medialuna,Baguette
Sandwich,Scone
Pastry,Cake,Coffee
Bread,Hearty & Seasonal,Coffee,Mineral water
Coffee,Coffee,Coke,Juice,Cake
Tea,Muffin,Cake
Coffee,Juice
Cake,Scandinavian,Coffee,Coffee
Hot chocolate,Coffee,Toast,Muffin
Jam,Bread,Pastry
Medialuna,Cake,Coffee,Coffee
Bread,Focaccia,Medialuna,Cookies,Coffee
Muffin,Coffee,Hot chocolate
Hot chocolate,Hot chocolate,Coffee,Toast
Cake,Scone,Cookies,Juice,Coffee,Coffee
Coffee,Juice,Cake,Vegan mincepie
Coffee,Tea,Bread
Cake,Cake,Coffee,Hot chocolate
Bread,Bread,Eggs
Soup,Scone,Tea
Tea,Juice
Alfajores,Scone,Bread
Cake,Cake,Smoothies
Sandwich,Sandwich,Bread,Coffee
Scandinavian,Scone
Tea,Cookies,Soup
Coffee,Tea,Tea,Hearty & Seasonal,Tiffin,Bread,Cake
Smoothies,Coffee,Cake,Bread
Soup,Chicken Stew,Tea,Tea,Bread
Bread,Vegan mincepie,Bread
Sandwich,Sandwich,Tea,Coffee
Bread,Coffee,Jammie Dodgers,Alfajores
Hot chocolate,Coffee,Muffin
Soup,Sandwich,Bread
Alfajores,Alfajores,Coffee
Coke,Juice,Coffee,Chicken Stew,Sandwich,Sandwich,Sandwich,Cookies,Cookies
Coffee,Bread,Toast,Pastry
Hearty & Seasonal,Sandwich,Coffee,Mineral water
Bread,Coffee,Hot chocolate,Coffee,Pastry,Scone
Coffee,Cookies
Sandwich,Coffee,Scone
Medialuna,Bread,Focaccia
Hot chocolate,Coffee,Cookies
Sandwich,Coffee,Bakewell
Bread,Mineral water
Scandinavian,Farm House,Alfajores,Coffee,Coffee
Tacos/Fajita,Tea,Coffee,Cake,Honey
Coffee,Bread,Frittata,Salad,Sandwich
Coffee,Muffin,Baguette
Keeping It Local,Coffee,Coffee
Bread,Muffin,Coffee
Tea,Tea,Medialuna,Jammie Dodgers
Coffee,Coffee,Muffin,Sandwich
Coffee,Coffee,Cake
Cake,Pastry,Farm House,Scandinavian
Fudge,Baguette
Cake,Bread,Sandwich,Sandwich
Pastry,Toast,Coffee
Coffee,Bread,Cookies,Cake
Bread,Tea,Coffee,Alfajores,Hot chocolate
Tea,Coffee,Hot chocolate
Sandwich,Soup,Coffee
Coffee,Coffee,Toast,Pastry
Hot chocolate,Tea,Pastry,Tiffin
Coffee,Coke
Spanish Brunch,Bread
Pastry,Truffles,Bakewell
Bread,Medialuna,Keeping It Local,Coffee
Bread,Scone,Pastry,Cake,Bread
Coffee,Coffee,Alfajores,Pastry
Empanadas,Bread,Scandinavian
Bread,Tea,Victorian Sponge
Coffee,Coffee,Tiffin,Alfajores
Chicken Stew,Sandwich,Sandwich,Tea,Bread
Coffee,Frittata,Scone
Pastry,Bread,Truffles
Farm House,Scandinavian
Bread,Tea
Cookies,Tiffin
Bread,Baguette,Scandinavian
Bakewell,Coffee
Coffee,Coffee,Pastry,Pastry,Farm House
Coffee,Hot chocolate,Hearty & Seasonal,Bread
Bread,Bread,Coffee,Scone,Frittata
Bread,Hot chocolate,Medialuna
Coffee,Hot chocolate,Vegan mincepie
Fudge,Coffee
Muffin,Coffee
Tshirt,Postcard
Empanadas,Coffee
Hot chocolate,Coffee
Baguette,Coffee,Bakewell
Medialuna,Pastry,Bread
Chicken Stew,Cake,Juice
Soup,Coffee,Bread
Hearty & Seasonal,Sandwich,Coffee
Coffee,Spanish Brunch,Baguette
Jammie Dodgers,Cookies,Bakewell,Coffee
Coffee,Sandwich,Sandwich,Muffin
Coffee,Coffee,Sandwich,Chicken Stew
Tea,Coffee,Sandwich,Sandwich
Coffee,Coffee,Hot chocolate,Hot chocolate,Cookies,Sandwich
Coffee,Empanadas,Soup
Cake,Bread,Tea,Medialuna
Coffee,Medialuna,Bread
Bread,Medialuna,Toast
Cake,Coffee,Coffee,Coffee
Bread,Bread,Jammie Dodgers,Alfajores
Mineral water,Coffee,Kids biscuit,Muffin
Tea,Hot chocolate,Cookies,Cake
Cookies,Scone,Coffee,Hot chocolate
Coffee,Bread,Bread
Cake,Sandwich,Sandwich,Juice,Coffee,Coffee,Sandwich
Cake,Toast,Scone,Juice,Bread
Mighty Protein,Hearty & Seasonal,Coffee,Coke
Jam,Coffee,Brownie
Bread,Pastry,Medialuna,Coffee
Bread,Jam,Fudge,Juice
Coffee,Alfajores,Tea
Tiffin,Scone,Tea
Coffee,Bread,Cookies,Juice
Sandwich,Coffee,Coke
Hot chocolate,Coffee,Coffee,Cookies
Baguette,Coffee,Tea,Cake
Farm House,Coffee,Cookies
Cookies,Juice
Coffee,Coffee,Toast,Coffee
Coffee,Hot chocolate,Bread
Scone,Cake,Tea
Brownie,Coffee,Coffee,Bread
Frittata,Tea,Bread
Cake,Muffin,Juice
Scandinavian,Bread,Nomad bag
Tiffin,Juice,Tea
Coffee,Sandwich,Hearty & Seasonal
Victorian Sponge,Alfajores,Tea
Coffee,Scone,Alfajores
Baguette,Scone
Soup,Soup,Coffee,Coffee,Cookies,Scone,Hot chocolate
Bread,Sandwich
Coffee,Coffee,Tea,Scone
Fudge,Coffee,Coffee,Sandwich
Coffee,Pastry,Juice
Tea,Soup
Smoothies,Soup,Hearty & Seasonal,Pastry
Baguette,Cookies
Bread,Jam,Scone
Sandwich,Coffee,Tea
Cake,Vegan mincepie,Coffee,Coffee,Mineral water,Mineral water
Cake,Sandwich,Sandwich,Bread
Sandwich,Sandwich,Coffee,Coffee
Sandwich,Scone,Bread,Coffee
Fudge,Eggs
Tea,Hot chocolate,Sandwich
Scone,Frittata
Coffee,Coffee,Bakewell,Cake
Truffles,Toast,Frittata
Cake,Scone,Medialuna,Coffee,Tea
Coffee,Pastry,Medialuna
Ellas Kitchen Pouches,Coffee
Coffee,Coffee,Medialuna,Pastry,Cookies
Farm House,Tartine
Farm House,Farm House,Pastry
Juice,Hot chocolate,Muffin
Scandinavian,Coffee,Soup
Smoothies,Cake,Coffee,Bread
Bread,Cake,Juice
Muffin,Cake,Coffee,Coffee
Coffee,Coffee,Pastry,Cookies,Bread
Coffee,Hot chocolate,Jammie Dodgers,Vegan mincepie,Cake
Sandwich,Bread,Jam
Coffee,Coffee,Pastry,Medialuna
Bread,Brownie
Bread,Medialuna,Cookies,Tea
Farm House,Soup,Salad,Spanish Brunch,Toast,Coffee,Coffee
Coke,Alfajores,Hot chocolate
Mineral water,Coffee,Soup
Coffee,Hot chocolate,Farm House
Coffee,Hot chocolate,Sandwich,Sandwich
Pastry,Coffee,Coffee,Coffee
Bread,Sandwich,Coffee,Coffee,Soup,Cake
Scone,Tea,Sandwich
Spanish Brunch,Chicken Stew,Tea,Cookies
Chocolates,Coffee,Coke
Alfajores,Alfajores,Coffee,Sandwich,Sandwich,Bread
Coffee,Cake,Jam,Truffles
Bread,Coffee,Coffee,Pastry
Pastry,Bread,Cookies
Coffee,Bread,Tiffin,Bread
Coffee,Brownie,Soup
Coffee,Coffee,My-5 Fruit Shoot,Brownie
Hearty & Seasonal,Juice
Muffin,Muffin
Bread,Jam,Christmas common
Tea,Pastry,Scone,Tiffin
Coffee,Salad
Fudge,Jam,Fudge,Fudge
Chicken Stew,Granola,Coke
Vegan mincepie,Bread,Coffee
Sandwich,Soup,Bread,Cake
Tea,Truffles
Bread,Farm House,Pastry,Medialuna
Mineral water,Crisps,Sandwich
Coffee,Mighty Protein
Frittata,Muffin,Coffee,Coffee
Juice,Bread,Toast,Sandwich,Sandwich,Bakewell
Chicken Stew,Coffee
Coffee,Coffee,Tea,Bread
Bread,Coffee,Medialuna,Jam
Coffee,Coffee,Brownie
Cake,Bread,Chicken Stew
Duck egg,Spanish Brunch,Coffee
Tea,Juice,Coffee
The Nomad,Juice,Coffee,Coffee
Cake,Cake,Cookies,Jammie Dodgers,Vegan Feast
Pastry,Coffee,Juice
Coffee,Cake,Cake,Toast,Juice
Bread,Keeping It Local,Coffee
Coffee,Cake,Alfajores,Tea,Tea
Scandinavian,Bread,Jam,Salad,Extra Salami or Feta,Frittata,Mineral water
Hot chocolate,Coffee,Cake,Scone
Coffee,Coffee,Cookies,Cookies,Toast,Juice
Honey,Scandinavian
Medialuna,Coffee,Tea
Coffee,Coffee,Cake,Cookies,Bread
Coffee,Cake,Cookies
Coffee,Hot chocolate,Art Tray,Sandwich
Hot chocolate,Coffee,Coffee,Cake,Toast
Tea,Brownie
Alfajores,Muffin,Medialuna
Hot chocolate,Tea,Pastry,Scone
Salad,Coffee,Coffee
Coffee,Coffee,Soup,Bread
Tea,Cookies
Jam,Coffee,Bread,Scone
Tea,Tea,Coffee,Coffee,Sandwich
Coffee,Smoothies,Bread,Cake
Jam,Coffee
Hot chocolate,Coffee,Cookies,Medialuna,Cookies
Hot chocolate,Coffee,Brownie
Soup,Sandwich,Juice
Coke,Coffee,Coffee,Hot chocolate
Coffee,Cake,Brownie
Coffee,Bakewell
Sandwich,Sandwich,Alfajores,Alfajores,Focaccia
Bread,Drinking chocolate spoons 
Cake,Muffin,Coffee,Soup
Soup,Spanish Brunch,Sandwich,Coffee,Tea
Hot chocolate,Alfajores
Bread,Tea,Soup
Cookies,Cookies,Coffee,Hot chocolate
Coffee,Coffee,Granola,Bread
Fudge,Scandinavian
Coffee,Keeping It Local,Farm House
Sandwich,Juice,Alfajores
Mineral water,Truffles,Coke,Scone
Bread,Scone,Alfajores
Salad,Truffles,Coke,Baguette
Hot chocolate,Coffee,Scone
Cake,Victorian Sponge,Scandinavian
Coffee,Jammie Dodgers
Frittata,Coffee,Tea,Scandinavian,Chicken sand
Juice,Chocolates,Hot chocolate,Coffee,Bread,Cookies
Muffin,Alfajores,Tiffin,Tea
Cookies,Hot chocolate,Tea,Cake,Pastry
Coffee,Sandwich,Soup
Coffee,Tea,Farm House,Brownie
Pastry,Medialuna,Hot chocolate,Coffee
Kids biscuit,Bread
Scandinavian,Chimichurri Oil
Hot chocolate,Tea,Brownie,Alfajores
Medialuna,Tartine,Coffee
Coffee,Tea,Cake,Medialuna
Coffee,Hot chocolate
Coffee,Coffee,Smoothies,Toast
Baguette,Scandinavian,Pastry
Bread,Spanish Brunch
Tea,Coffee,Soup,Cake
Juice,Cake,Coffee
Coffee,Brownie,Vegan mincepie
Coffee,Alfajores,Muffin,Coffee
Coffee,Focaccia,Coffee,Medialuna,Bread
Farm House,Bread,Muffin
Bread,Tea,Frittata
Pastry,Pastry,Coffee,Bread
Coffee,Coffee,Cake,Cake,Salad,Extra Salami or Feta,Scandinavian,Bread
The Nomad,Tea,Bread,Brownie,Fudge,Fudge
Eggs,Coffee
Bread,Juice,Muffin,Cookies
Coffee,Juice,Jammie Dodgers,Cookies
Cake,Pastry,Hot chocolate,Coffee
Coffee,Jam
Bread,Brownie,Muffin,Bread,My-5 Fruit Shoot
Sandwich,Juice,Tea
Medialuna,Medialuna,Hot chocolate,Coffee
Bread,Coffee,Pastry,Keeping It Local
Coffee,Tea,Bread,Mineral water,Scone,Bread
Cake,Soup,Tea
Coffee,Coffee,Cake,Cake
Muffin,Jammie Dodgers,Cake,Bread,Hot chocolate
Bread,Coffee,Hot chocolate
Alfajores,Pastry
Focaccia,Scandinavian
Coffee,Afternoon with the baker,Spanish Brunch
Coffee,Coffee,Spanish Brunch,Sandwich
Keeping It Local,Bread
Bread,Coffee,Jammie Dodgers
Farm House,Scone
Tea,Tea,Cookies,Pastry
Bread,Farm House,Nomad bag
Bread,Coffee,Juice
Scandinavian,Medialuna
Coffee,Coffee,Coffee,Toast,Salad
Bread,Coffee,Cake
Coffee,Cake,Vegan mincepie
Coffee,Coffee,Cake,Sandwich,Sandwich
Scone,Hot chocolate,Mineral water,Cookies
Brownie,Bread,Hot chocolate
Bread,Tea,Chicken Stew,Soup,Cake,Pastry,Alfajores,Focaccia
Bread,Fudge,Cookies
Baguette,Scandinavian,Cake,Christmas common
Pastry,Pastry,Tea,Bread
Coffee,Coffee,Brownie,Truffles
Coffee,Tea,Sandwich,Muffin
Salad,Soup,Cake
Farm House,Gingerbread syrup
Pastry,Pastry
Cake,Cake,Brownie
Tea,Coffee,Truffles
Art Tray,Coffee,Hot chocolate,Juice,Muffin
Cake,Cake,Bread,Tea
Coffee,Salad,Sandwich,Cake
Coffee,Juice,Bread,Bread,Afternoon with the baker
Coffee,Coffee,Scone,Tiffin
Farm House,Coffee granules 
Sandwich,Sandwich,Sandwich,Coke,Juice,Mineral water
Bread,Cake,Alfajores,Bread
Hot chocolate,Coffee,Sandwich,Cake
Keeping It Local,Coffee
Bread,Coffee,Medialuna,Spanish Brunch,Medialuna
Pastry,Medialuna,Baguette
Juice,Mineral water
Coffee,Medialuna
Coffee,Coffee,Bread,Cookies,Medialuna,Coffee
Eggs,Hot chocolate,Coffee,Alfajores
Coffee,Hot chocolate,Bread,Pastry
Medialuna,Tea,Coffee
Hot chocolate,Pastry
Bakewell,Cake
Soup,Soup,Tea,Truffles
Medialuna,Crepes
Bread,Cake,Bread,Juice,Coffee
Scandinavian,Farm House
Coffee,Coke,Mineral water,Bakewell,Salad
Scandinavian,Bread,Truffles
Postcard,Coffee
Truffles,Alfajores,Soup
Cookies,Cookies,Tea,Pastry
Tea,Bread,Truffles,Pastry
Coffee,Coffee,Chicken Stew,Soup,Sandwich
Juice,Tiffin
Bread,Bread,Cake,Bread,Soup,Soup
Ellas Kitchen Pouches,Bread,Muffin
Coffee,Coke,Sandwich,Soup
Coke,Chicken Stew,Tiffin
Cookies,Cake,Tea
Jammie Dodgers,Tea
Coffee,Coffee,Coffee granules 
Cookies,Bread,Jam
Farm House,Muffin
Hot chocolate,Bread,Scone
Juice,Coffee,Coffee
Coffee,Coffee,Toast,Tiffin
Baguette,Scandinavian
Bread,Muffin,Tea,Soup
Bread,Coffee,Tea,Keeping It Local,Jam,Cookies
Cookies,Cookies,Cake
Cake,Chicken Stew,Soup,Bread
Coffee,Pastry,Cake
Scone,Coffee,Bread
Soup,Coke,Hot chocolate,Fudge
Cake,Muffin,Muffin,Jam
Medialuna,Cake,Toast,Coffee,Coffee
Baguette,Coffee,Truffles,Medialuna,Alfajores,Juice
Coffee,Toast,Coffee
Pastry,Bread,Brownie
Bread,Sandwich,Tea
Hot chocolate,Coffee,Tiffin
Pastry,Coffee,Brownie
Soup,Soup,Coffee,Coffee
Coffee,Juice,Brownie,Alfajores
Muffin,Cake,Scone
Juice,Coffee,Bread,Toast
Coffee,Tea,Alfajores
Tea,Juice,Pick and Mix Bowls,Cookies
Juice,Sandwich,Sandwich
Jammie Dodgers,Coffee,Bread
Sandwich,Coffee,Cake,Coffee,Sandwich
Fudge,Jam,Bread,Farm House
Hot chocolate,Coffee,Tea,Alfajores,Pastry,Tiffin
Coffee,Scone,Bread
Scone,Bread,Coffee,Hot chocolate
Coffee,Coffee,Scone,Cake,Farm House,Juice
Bread,Tea,Bakewell,Alfajores
Tea,Cookies,Cake,Medialuna
Bread,Fudge,Fudge
Jammie Dodgers,Hot chocolate,Hot chocolate,Coffee,Cookies
Brownie,Cake,Tea
Cookies,Cake,Coffee,Coffee
Pick and Mix Bowls,Hearty & Seasonal,Hearty & Seasonal,Coffee,Smoothies,Coffee
Coffee,Cake,Bread
Tea,Tea,Cake
Coffee,Coffee,Chicken Stew,Salad
Coffee,Scone,Sandwich
Juice,Cookies,Art Tray,Salad
Bread,Ellas Kitchen Pouches
Coffee,Bread,Truffles,Spanish Brunch,Sandwich,Sandwich,Jammie Dodgers,Cake
Alfajores,Alfajores,Tea
Cake,Coffee,Hot chocolate
Coffee,Soup,Sandwich,Tea,Cake
Chicken Stew,Art Tray,Pastry,Truffles,Coffee,Coke,Bread
Scone,Jammie Dodgers,Cake
Argentina Night,Bread,Sandwich
Spanish Brunch,Chicken Stew,Coffee
Coffee,Bread,Scone
Tea,Bread,Cake
Bread,Tea,Juice
Bread,Farm House,Coke
Hot chocolate,Muffin
Coffee,Truffles,Frittata,Pastry,Fudge
Tea,Smoothies
Tea,Medialuna
Fudge,Jam,Cake,Coffee
Coffee,Medialuna,Juice,Coke
Salad,Tea
Alfajores,Bread,Tea
Coffee,Coffee,Cake,Alfajores
Baguette,Brownie
Juice,My-5 Fruit Shoot,Ellas Kitchen Pouches,Cookies
Sandwich,Chicken Stew,Coffee,Truffles,Coke
Fudge,Dulce de Leche,Coffee,Cake,Brownie
Frittata,Coffee,Coffee
Medialuna,Tea
Coffee,Sandwich,Brownie
Spanish Brunch,Salad,Extra Salami or Feta,Coffee,Coffee
Sandwich,Hot chocolate,Coffee,Hearty & Seasonal,Cookies
Bread,Pastry,Medialuna
Jam,Fudge
Coffee,Tea,Medialuna
Spanish Brunch,The Nomad,Coffee
Tea,Tiffin,Bread
Muffin,Soup
Jammie Dodgers,Smoothies
Coffee,Coffee,Brownie,Sandwich
Coffee,Pastry,Jam
Tea,Tea,Soup,Juice,Cake,Bread
Truffles,Mineral water,Bread,Scone,Spanish Brunch
Coffee,Hot chocolate,Brownie,Bread
Scandinavian,Pastry,Hot chocolate,Coffee,Bread
Cookies,Pastry,Coffee
Bread,Cookies,Bread
Coffee,Juice,Juice,Spanish Brunch,Chicken Stew,The Nomad,Coke
Coke,Juice,Truffles,Salad,Coffee,Cake,Sandwich,Chicken Stew,Alfajores
Tea,Tea,Medialuna
Juice,Coffee,Sandwich,Ellas Kitchen Pouches
Salad,Extra Salami or Feta,Bread,Baguette,Tea,Bread
Bread,Salad
Cake,Salad,Valentines card
Pastry,Tea,Coffee
Tea,Tea,Sandwich
Art Tray,Coffee,Bread,Hearty & Seasonal,Hearty & Seasonal
Hearty & Seasonal,Truffles,Mineral water,Bread,Scone,Bread
Scone,Tea,Juice,Medialuna
Toast,Coffee
Coffee,Bread,Frittata
Hearty & Seasonal,Tea
Chicken Stew,Chocolates
Soup,Coffee,Hot chocolate,Brownie
Coffee,Alfajores,Scone
Coffee,Coffee,Tiffin,Muffin,Sandwich,Sandwich
Alfajores,Cake,Coffee,Sandwich,Sandwich,My-5 Fruit Shoot
Coffee,Medialuna,Cookies,Tea
Tea,Coffee,Sandwich
Bread,Juice,Sandwich,Sandwich,Cookies,Alfajores
Coffee,Mineral water,Alfajores
Coffee,Keeping It Local,Tea
Coffee,Toast
Hot chocolate,Coffee,Alfajores,Cake
Bread,Coffee,Muffin,Cookies
Bread,Muffin,Hearty & Seasonal
Bread,Bread,Jammie Dodgers
Hot chocolate,Jam,Cookies
Tea,Tea,Raw bars
Muffin,Fudge
Truffles,Cake,Scandinavian,Coffee
Tea,Bakewell,Bread
Jam,Coffee,Farm House
Truffles,Juice
Pastry,Cake
Fudge,Fudge,Bread,Truffles
Jammie Dodgers,Medialuna,Tea
Juice,Jammie Dodgers
Pastry,Pastry,Bread,Sandwich,Coffee
Hot chocolate,Medialuna,Pastry
Mineral water,Mineral water,Coffee,Soup,Sandwich
Coffee,Coffee,Brownie,Muffin
Hot chocolate,Coffee,Sandwich,Toast,Cake
Cake,Hot chocolate,Coffee
Scandinavian,Alfajores,Alfajores
Bread,Bread,Cake
Cake,Baguette
Soup,Tea,Focaccia
Cake,Muffin,Vegan Feast
Spanish Brunch,Tea,Juice,Coffee
Juice,Coffee,Coffee,Chicken Stew,Granola
Coffee,Coffee,Coffee,Soup,Sandwich,Cake
Cookies,Cake,Brownie,Coffee
Bread,Coffee,Tea,Toast
Tea,Juice,Sandwich,Chicken Stew
Muffin,Scandinavian
Coffee,Tea,Sandwich,Medialuna
Coffee,Sandwich,Sandwich,Medialuna
Medialuna,Bakewell,Coffee,Bread,Toast
Bread,Pastry,Muffin,Farm House
Hot chocolate,Coffee,Alfajores,Cookies
Bread,Brownie,Bread
Scone,Coffee
Hot chocolate,Coffee,Muffin,Sandwich
Bread,Farm House,Jam
Bread,Coffee,Medialuna,Hearty & Seasonal,Bread
Pastry,Hot chocolate,Coffee,Bread
Bread,Coffee,Pastry,Scone
Bread,Coffee,Truffles,Chicken Stew
Tea,Tiffin,Brownie
Hearty & Seasonal,Frittata,Mineral water
Hot chocolate,Tea,Pastry
Bread,Coffee,Medialuna
Spanish Brunch,Toast,Juice,Coffee
Brownie,Coffee,Coffee,Baguette
Cake,Tiffin
Bread,Sandwich,Toast
Tiffin,Medialuna
Tea,Cookies,Coffee
Vegan mincepie,Coffee,Hot chocolate
Cake,Cake,Cookies
Farm House,Bread,Cake
Coffee,Coffee,Pastry,Toast
Tea,Tea,Spanish Brunch,Chicken Stew,Fudge,Alfajores
Hot chocolate,Hot chocolate,Coffee,Muffin,Tiffin,Alfajores
Bread,Tea,Coffee
Medialuna,Pastry,Coffee,Coffee,Toast
Tea,Tea,Pastry,Pastry
Coffee,Tea,Bread,Soup
Hot chocolate,Sandwich,Sandwich
Hot chocolate,Tea,Bread
Coffee,Tea,Sandwich,Chicken Stew
Bread,Panatone
Bread,Pastry,Medialuna,Tea
Coffee,Hot chocolate,Toast,Sandwich,Soup,Cake
Bread,Bread,Bread,Coffee
Coffee,Vegan mincepie,Cake
Hot chocolate,Coffee,Brownie,Muffin,Bread
Cake,Farm House
Brownie,Coffee,Hot chocolate,Coffee,Juice
Tea,Coffee,Coffee
Coffee,Pastry,Tea
Coffee,Alfajores,Coffee,Cake
Soup,Mineral water,Brownie
Bread,Tea,Tea,Medialuna
Alfajores,Brownie,Cookies,Bread,Juice
Raspberry shortbread sandwich,Bread,Coffee
Coffee,Coffee,Brownie,Cake,Sandwich,Sandwich
Tea,Coffee,Toast,Pastry
Soup,Coffee
Scandinavian,Cookies
Art Tray,Tea
Coke,Sandwich,Soup,Bread
Hot chocolate,Coffee,Muffin,Alfajores
Coffee,Bread,Eggs
Sandwich,Hot chocolate
Pastry,Scone,Bread
Spanish Brunch,Cake
Coffee,Soup,Afternoon with the baker
Pastry,Hot chocolate,Coffee,Cake
Hot chocolate,Hot chocolate,Cookies
Coffee,Tea,Coffee,Cake,Cookies
Toast,Tea,Coffee
Coffee,Brownie,Alfajores,Toast,Juice
Scone,Bakewell
Sandwich,Soup,Coffee,Tea
Tartine,Scandinavian
Alfajores,Muffin,Cake
Coffee,Keeping It Local,Medialuna
Juice,Coffee,Cookies,Tea,Alfajores
Scone,Hot chocolate
Bread,Tea,Cake,Bread,Chicken Stew
Cake,Frittata
Cake,Tea
Bread,Farm House,Jam,Pastry
Coffee,Farm House
Hearty & Seasonal,Tea,Bread
Cookies,Cookies,Cake,Baguette,Cookies
Pastry,Medialuna,Bread
Bread,Farm House,Coffee,Jam
Bread,Alfajores,Muffin
Scone,Cake,Tea,Tea
Pastry,Brownie
Coke,Coffee,Medialuna,Cake
Cake,Chocolates
Tea,Juice,Cake,Tartine
Pastry,Juice
Coffee,Tea,Hot chocolate,Brownie,Alfajores,Bread
Afternoon with the baker,Coffee,Scandinavian
Pastry,Bread,Hot chocolate
Soup,Soup,Mineral water,Farm House
Coffee,Hot chocolate,Cake,Jammie Dodgers,Bread,Pastry
Hot chocolate,Coffee,My-5 Fruit Shoot
Coffee,Hot chocolate,Hot chocolate,Pastry
Coffee,Cookies,Pastry
Scone,Soup,Hot chocolate
Brownie,Farm House
Spanish Brunch,Truffles,Coffee,Coffee
Coffee,Tea,The Nomad,Scone
Tea,Coffee,Soup,Keeping It Local
Tea,Tea,Coffee,Coffee,Juice,Cake,Cake
Bread,Cake,Jammie Dodgers,Tea,Truffles
Spanish Brunch,Duck egg,Tea,Bread
Tea,Coffee,Coffee,Pastry,Scone
Coffee,Pastry,Brownie
Tea,Coffee,Tiffin,Scone
Afternoon with the baker,Afternoon with the baker
Tea,Toast,Bread
Coffee,Cookies,Tartine
Scone,Coffee,Coffee
Coffee,Tea,Coffee,Coffee
Coffee,Scandinavian,Medialuna
Cake,Bread,Coffee,Coffee
Salad,Soup,Smoothies
Bread,Bread,Chicken Stew,Sandwich
Smoothies,Coffee,Soup,Salad
Brownie,Bakewell,Bread,Coffee
Alfajores,Alfajores
Coffee,Scone,Brownie
Coffee,Coffee,Coffee,Bread,Cake
Scone,Muffin,Cake,Tea,Bread
Sandwich,Mineral water
Bread,Hearty & Seasonal
Coffee,Hot chocolate,Tiffin,Bread
Coffee,Coffee,Coffee,Tea
Cake,Cookies,Bread,Juice
Hot chocolate,Coffee,Mineral water
Spanish Brunch,Sandwich
Medialuna,Muffin,Brownie
Coffee,Juice,Cake,Cake
Coffee,Coffee,Medialuna,Tiffin
The Nomad,Tea
Coffee,Coffee,Juice,Cake,Alfajores
Coffee,Tea,Cookies
Coffee,Tea,Medialuna,Toast,Farm House
Coffee,Pastry,Muffin,Coke
Coffee,Salad,Extra Salami or Feta
Pastry,Cookies,Coffee
Tea,Bread,Coffee,Scone,Medialuna,Bread
Sandwich,Coke,Bread,Cake
Coffee,Coffee,Sandwich
Coffee,Chicken Stew
Coke,Salad
Farm House,Scandinavian,Coffee,Toast,Cake
Alfajores,Medialuna,Coffee,Bread
Scone,Tea
Sandwich,Hearty & Seasonal,Coffee
Spanish Brunch,Juice,Truffles
Cake,Bread,Tea
Coffee,Tartine,Sandwich,Brownie
Coffee,Muffin,Alfajores
Medialuna,Cake,Spanish Brunch,The Nomad,Cookies
Medialuna,Fudge
Coffee,Tiffin,Cake,Truffles
Bread,Bread,Sandwich
Cookies,Cookies,Coffee,Coke
Hot chocolate,Smoothies,Bread,Cookies,Cookies
Juice,Hot chocolate,Coffee,Tea,Pastry,Brownie
Coffee,Toast,Cookies,Coffee
Toast,Coffee,Bread
Bread,Coffee,Coffee,Smoothies,Pastry
Pastry,Bread,Cookies,Coffee,Bread
Cake,Hot chocolate
The Nomad,Tea,Bread,Tiffin
Soup,Sandwich,Tea
Coffee,Coffee,Tea,Juice,Cake,Bakewell,Cookies,Sandwich
Medialuna,Brownie
Coffee,Coffee,Toast,Pastry,Scone
Bread,Tea,Toast,Cake
Spanish Brunch,Coffee,Coke,Bread,Mineral water,Soup
Bread,Medialuna,Alfajores
Bread,Hot chocolate,Coffee,Sandwich,Cookies
Coffee,Juice,Jammie Dodgers,Chicken Stew,Tea
Coffee,Scone
Sandwich,Coffee,Coffee,Tea,Brownie,Cake
Bread,Cake,Cookies
Muffin,Cake,Pastry,Tea,Coffee,Coffee
Hearty & Seasonal,Mineral water,Alfajores
Hot chocolate,Tea,Coffee,Coffee,Cake
Juice,Hot chocolate,Alfajores,Brownie,Vegan mincepie,Vegan mincepie
Juice,Spanish Brunch
Scone,Bread,Baguette
Hot chocolate,Hot chocolate,Hot chocolate,Smoothies,Cookies,Cookies
Coffee,Medialuna,Truffles
Hot chocolate,Hot chocolate,Bread,Coffee
Coffee,Coffee,Tea
Medialuna,Pastry,Bread,Coffee
Truffles,Soup,Cookies
Coffee,Hot chocolate,Vegan mincepie,Jammie Dodgers
Coffee,Chicken Stew,Sandwich,Fudge
Scandinavian,Fudge
Brownie,Coffee,Coffee,Juice,Farm House
Coffee,Truffles,Soup,Sandwich
Hot chocolate,Hot chocolate,Coffee,Bread,Bread
Chocolates,Tea,Coke,Juice,Coffee,Tiffin,Alfajores,Cookies,Pastry,Mineral water
Dulce de Leche,Scandinavian,Alfajores
Truffles,Farm House,Bread
Coffee,Sandwich,Baguette
Art Tray,Hearty & Seasonal,Hearty & Seasonal,Tea,Coffee
Pastry,Coffee,Coffee
Tea,Cookies,Tiffin,Brownie,Coffee
Coffee,Bread,Bread,Pastry
Medialuna,Bread,Coffee,Coffee,Scandinavian
Bread,Cookies,Chicken Stew
Coffee,Tea,Soup,Extra Salami or Feta
Cookies,Cake,Mineral water
Coffee,Coffee,Tartine,Medialuna,Pastry
Pastry,Cake,Bread,Coffee,Tea
Mineral water,Brownie
Coffee,Coffee,Scone,Medialuna
Tea,Coffee,Muffin,Keeping It Local
Coffee,Tea,Coffee,Pastry
Mineral water,Scone
Coffee,Cookies,Truffles,Brownie,Bread
Afternoon with the baker,Brownie
Coffee,Fudge
Coffee,Gingerbread syrup
Coffee,Scandinavian
Scone,Bread
Tiffin,Coffee
Tea,Alfajores,Cake
Tea,Tea
Truffles,Chicken Stew
Medialuna,Coffee,Hot chocolate
Coffee,Coffee,Cake,Brownie
Scone,Muffin,Pastry,Frittata
Coffee,Coffee,Alfajores,Cookies
Frittata,Coffee
Tea,Coffee,Spanish Brunch
Jam,Fudge,Medialuna
Cake,Brownie
Scandinavian,Bread
Mineral water,Soup,Soup
Coffee,Coffee,Bread,Scone
Muffin,Tacos/Fajita,Coffee,Tea
Coffee,Tiffin,Bread
Juice,Coffee,Tea
Coffee,Bread,Cake,Cake
Fudge,Cake,Coffee,Tea
Coffee,Juice,Cake
Alfajores,Bread,Scandinavian
Cake,Alfajores
Coffee,Bread,Medialuna,Alfajores
Coffee,Bread,Muffin,Baguette
Brownie,Tea,Coffee
Pick and Mix Bowls,Jam,Soup,Brownie
Coffee,Coffee,Coffee,Sandwich,Sandwich
Scandinavian,Fairy Doors
Muffin,Cake
Frittata,Tea,Truffles
Chicken Stew,Truffles,Juice
Coffee,Coffee,Juice,Pastry,Cookies
Cake,Hot chocolate,Alfajores
Coffee,Bread,Cake,Juice,Spanish Brunch,Salad,Extra Salami or Feta
The Nomad,Spanish Brunch,Tea,Bread
Bread,Bread,Frittata
Tea,Juice,Muffin,Gingerbread syrup
Soup,Coffee,Muffin
Coffee,Coke,Bread,Cake,Bread,Soup
Jammie Dodgers,Cake
Pastry,Coffee,Smoothies
Soup,Hearty & Seasonal,Bread
Bread,Focaccia,Tea,Coffee
Jammie Dodgers,Bread
Cookies,Cake,Bread
Soup,Sandwich,Coffee,Medialuna
Cookies,My-5 Fruit Shoot,Coffee,Keeping It Local
Cake,Bread,Cookies,Eggs,Juice
Baguette,Pastry
Pastry,Frittata
Coffee,Tea,Coffee
Half slice Monster ,Juice,Cookies,Coffee
Juice,Cookies,Brownie,Alfajores,Coffee
Cake,Jammie Dodgers
Tea,The Nomad
Bread,Jammie Dodgers,Tea,Coffee
Farm House,Scandinavian,Coffee,Pastry
Medialuna,Pastry,Coffee,Coffee,Bread
Cake,Coffee,Coke,Tea
Toast,Cake,Coffee
Bread,Coffee,Bread
Hot chocolate,Coffee,Lemon and coconut
Scandinavian,Coffee,Alfajores
Bread,Fudge,Medialuna,Pastry
Coffee,Coffee,Cookies,Cake
Muffin,Bread
Tartine,Coffee
Argentina Night,Vegan Feast
Bread,Coke,Bread,Cookies
Medialuna,Coffee,Coffee
Coffee,Soup,Spanish Brunch
Muffin,Cookies,Hot chocolate,Juice
Bread,Muffin,Cake,Coffee,Medialuna
Coffee,Hot chocolate,Coffee,Cake
Bread,Scandinavian,Medialuna
Scandinavian,Bread,Cookies
Coffee,Juice,Mineral water,Medialuna,Crisps,Frittata
Tea,Tea,Scone
Bread,Brownie,Cake
Medialuna,Medialuna,Cookies
Tea,Coffee,Pastry,Alfajores
Hot chocolate,Coffee,Coffee,Cake,Cookies
Coffee,Medialuna,Coffee
Tea,Cake,Bakewell
Tea,Bread,Bread,Fudge
Cookies,Cake,Coffee,My-5 Fruit Shoot
Coffee,Bread,Coffee,Alfajores,Alfajores
Coffee,Jammie Dodgers,Tiffin,Juice
Cookies,Brownie
Coffee,Coffee,Mineral water,Juice,Tartine,Pick and Mix Bowls
Coffee,Coffee,Sandwich,Hearty & Seasonal
Brownie,Bread,Coffee
Bread,Art Tray,Tea,Hot chocolate
Coffee,Bread,Brownie
Farm House,Medialuna,Coffee
Scandinavian,Pastry,Muffin
Bread,Jammie Dodgers,Hot chocolate,Bread,Bread
Coffee,Bread,Soup,Sandwich
Coffee,Hot chocolate,Pastry,Bread
Mineral water,Bread
Pastry,Jammie Dodgers
Bread,Tea,Granola
Hot chocolate,Hot chocolate,Coffee,Cookies,Medialuna
Pastry,Medialuna,Gingerbread syrup
Vegan mincepie,Cake
Hot chocolate,Tea,Muffin
Coffee,Salad,Cake,Extra Salami or Feta,Cake,Tea
The Nomad,Bread,Tea
Cake,Cookies,Tea,Coffee,Sandwich,Soup
Coffee,Coffee,Jammie Dodgers,Bread
Chicken Stew,Juice,Eggs,Bread,Cake
Coffee,Coffee,Medialuna,Cake
Bread,Cake,Coffee,Bread
Tea,Cake,Pastry
Cookies,Coffee
Medialuna,Muffin,Spanish Brunch,Chicken Stew,Coffee
Hearty & Seasonal,Coffee,Mineral water
Tea,Muffin
Coke,Sandwich
Coffee,Coffee,Pastry,Muffin
Bread,Coffee,Coffee,Bread,Toast
Coffee,Coffee,Hot chocolate
Tea,Tea,Juice
Mineral water,Muffin
Pastry,Jammie Dodgers,Cookies
Medialuna,Tea,Coffee,Coffee
Sandwich,Farm House,Fudge
Coffee,Salad,Sandwich
Bread,Bread,Coffee,Coffee,Tea,Brownie,Bread,Alfajores
Juice,Coffee,Coffee,Bare Popcorn,Salad,Extra Salami or Feta,Spanish Brunch,Farm House
Coke,Tea
Coffee,Hot chocolate,Cake,Cake
Medialuna,Scandinavian
Coffee,Coffee,Kids biscuit
Sandwich,Sandwich,Salad,Coffee,Coffee,Cake
Hot chocolate,Hot chocolate,Coffee
Focaccia,Fudge
Frittata,Coffee,Brownie
Bread,Coffee,Alfajores,Medialuna
Bread,Truffles,Coffee,Truffles,Scandinavian
Brownie,Mineral water
Pastry,Coffee,Coffee,Bread
Hearty & Seasonal,Hearty & Seasonal,Alfajores,Truffles
Muffin,Scone
Bread,Hot chocolate,Pastry
Bread,Juice,Jammie Dodgers,Brownie
Tea,Juice,Muffin,Salad
Scandinavian,Cake,Bread,Scandinavian
Cake,Tea,Muffin,Coffee
Cake,Cookies
Farm House,Bread,Medialuna
Coffee,Frittata,Bread,Tea
Sandwich,Spanish Brunch,Coffee,Coffee,Bread,Juice,Nomad bag
Muffin,Tea
Spanish Brunch,Chicken Stew,Sandwich,Coffee,Coffee,Juice
Hot chocolate,Tea,Alfajores,Medialuna,Medialuna
Coffee,Coffee,Medialuna,Cake,Tiffin
Soup,Chicken Stew,Mineral water
Tiffin,Pastry
Hot chocolate,Coffee,Cake,Scone,Cookies,Bread
Bread,Truffles
Tea,Coffee,Soup,Art Tray
Coffee,Medialuna,Fudge
Medialuna,Scandinavian,Coffee
Coffee,Juice,Coffee,Jammie Dodgers,Muffin,Cake,Bread
Hot chocolate,Medialuna
Bread,Keeping It Local,Cake
Coffee,Chicken Stew,Juice
Muesli,The Nomad,Coffee,Bread
Coffee,Coffee,Juice,Sandwich,Cake,Bread,Lemon and coconut
Bread,Tea,Pastry
Scandinavian,Bread,Alfajores
Medialuna,Bread,Muffin,Coffee,Sandwich
Tea,Coffee,Toast,Bread
Bread,Muffin,Cookies
Coffee,Toast,Vegan mincepie,Mineral water,Coffee
Coke,Pintxos
Coffee,Alfajores,Alfajores,Bread
Coffee,Coffee,Muffin
Bread,Juice
Sandwich,Sandwich,Truffles
Bread,Smoothies,Coffee,Muffin,Sandwich
Coffee,Pastry,Pastry
Hearty & Seasonal,Hearty & Seasonal,Coffee,Coffee
Brownie,Cookies
Coffee,Bread,Tartine
Tiffin,Coffee,Bread
Brownie,Pastry,Bread
Soup,The Nomad,Truffles
Muffin,Hot chocolate,Scandinavian,Bread
Salad,Sandwich,Bread,Coffee,Alfajores
Coffee,Hearty & Seasonal
Bread,Bread,Tea,Keeping It Local
Hot chocolate,Coffee,Pastry,Bread
Medialuna,Cake
Coffee,My-5 Fruit Shoot,Cookies
Tea,Cake,Soup
Coffee,Tartine
Pastry,Coffee,Tea
Coffee,Coffee,Bread,Hot chocolate,Cake,Cake,Vegan mincepie,Bread
Brownie,Juice
Coffee,Pick and Mix Bowls
Alfajores,Coffee
Juice,Coffee,Sandwich,Cake
Coffee,Alfajores,Alfajores,Coke
Alfajores,Coffee,Tartine
Cake,Cookies,Juice,Cookies
Coffee,Coffee,Hot chocolate,Coffee,Pastry,Cake
Bread,Toast
Coffee,Juice,Drinking chocolate spoons 
Muffin,Juice,Smoothies
Bread,Scandinavian,Pastry
Bread,Bread,Coffee,Cake,Alfajores
Soup,Sandwich,Frittata
Coffee,Tea,Brownie,Soup
Coffee,Toast,Tiffin,Farm House
Spanish Brunch,Tea,Alfajores
Bread,Tea,Scone
Spanish Brunch,Coffee,Tea,Juice
Coffee,Cake,Chicken Stew
Medialuna,Pastry,Truffles
Bread,Coffee,Frittata,Cookies,Mineral water
Jam,Tea
Soup,Hearty & Seasonal,Coffee
Tea,Sandwich
Tiffin,Cookies,Coffee
Coffee,Coffee,Coke,Brownie,Cake,Muffin
Frittata,Cake
Coffee,Hot chocolate,Crisps
Bakewell,Tea
Vegan mincepie,Coffee,Baguette
Juice,Tea,Muffin
Coffee,Keeping It Local
Coffee,Brownie,Hearty & Seasonal,Soup,Bowl Nic Pitt
Coffee,Coffee,Tea,Tea,Soup,Chicken Stew,Cake,Cake
Coffee,Tea,Cake,Toast
Keeping It Local,Cookies,Coffee
Brownie,Medialuna,Hot chocolate,Smoothies,Coffee
Cookies,Muffin,Coffee
Bread,Jammie Dodgers
Cake,Bread,Tea,Truffles
Vegan mincepie,Cookies,Sandwich,Toast
Smoothies,Muffin
Bread,Tartine
Bread,Muffin,Bread,Tea
Pastry,Sandwich
Scone,Cake,Bread,Bread,Coffee,Hot chocolate
Hearty & Seasonal,Coffee,Muffin
Farm House,Brownie,Fudge
Coffee,Hot chocolate,Pastry
Sandwich,Sandwich,Coke,Juice
Cookies,Brownie,Coffee,Tea
Coke,Mineral water,Coffee,Soup,Sandwich
Hot chocolate,Cookies,Hot chocolate
Mighty Protein,Hearty & Seasonal,Coffee,Tea,Cake
Coffee,Coffee,Muffin,Alfajores,Empanadas
Tea,Brownie,Toast
Sandwich,Sandwich,Coffee,Coffee,Pastry,Scandinavian
Pastry,Bread,Coffee
Coffee,Bread,Pastry,Farm House
Sandwich,Bread
Baguette,Scone,Medialuna,Cookies,Scandinavian
Hot chocolate,Hot chocolate,Hot chocolate
Jammie Dodgers,Juice
Cookies,Juice,Tea,Alfajores
Bread,Cookies,Jammie Dodgers
Medialuna,Alfajores,Dulce de Leche
Valentines card,Tshirt
Coffee,Bread Pudding
Coffee,Coffee,Coffee,Bread,Bakewell,Brownie,Cookies,Cake
Bread,Pastry,Brownie
Coffee,Coke,Pastry
Coffee,Coffee,Pastry,Bread,Bread,Toast
Coffee,Soup,Pastry,Jam
Farm House,Cookies
Brownie,Tea,Sandwich,Art Tray
Bread,Focaccia,Scandinavian
Keeping It Local,Coffee,Bread
Coffee,Coffee,Scone,Cake
Sandwich,Coffee
Sandwich,Truffles
Coffee,Coffee,Coffee,Tea,Coke,Tiffin,Medialuna,Bread,Soup,Chicken Stew,Sandwich
Brownie,Bread,Tea
Coffee,Smoothies,Sandwich,Hearty & Seasonal,Cake
Coffee,Coffee,Lemon and coconut,Sandwich
Soup,Salad
Coffee,Salad,Tiffin
Farm House,Cake
Tea,Coffee,Bread
Cake,Mineral water,Coffee,Sandwich
Bread,Coffee,Bakewell
Coffee,Coffee,Coffee,Cookies,Cake
Pastry,Medialuna
Bread,Medialuna,Brownie,Truffles
Coffee,Mineral water,Bread
Tea,Hearty & Seasonal
Medialuna,Medialuna,Bread
Coffee,Cake,Muffin,Toast,Coffee
Tea,Juice,Cake
Bread,Toast,Cookies
Bread,Bread,Brownie,Pastry
Coffee,Truffles
Coffee,Coffee,Juice
Coffee,Coffee,Farm House
Soup,Jam
Hot chocolate,Hot chocolate,Cake
Muffin,Cookies
Nomad bag,Bread,Coffee,Coffee,Cake,Cake
Coffee,Tea,Pastry,Medialuna
Mighty Protein,Tea
Tea,Alfajores
Bread,Alfajores,Tiffin
Sandwich,Bread,Coffee
Fudge,Hot chocolate
Coffee,Cake,Toast
Toast,Soup,Coffee,Juice
Coffee,Basket
Coffee,Coffee,Coffee,Bread
Spanish Brunch,Coffee,Bread
Frittata,Sandwich,Coffee
Toast,Granola,Pastry,Coffee,Bread
Pastry,Cake,Coffee,Coffee
Bread,Hot chocolate,Coffee
Sandwich,Hot chocolate,Bread
Coffee,Tea,Cake,Bread
Tea,Sandwich,Bread,Cake
Bread,Truffles,Cake,Bread
Coffee,Sandwich,Fudge
Tartine,Pastry,Bread,My-5 Fruit Shoot
Coffee,Coffee,Mineral water
Bread,Scandinavian,Coffee
Soup,Art Tray,Alfajores,Frittata
Coffee,Tea,Spanish Brunch
Pastry,Farm House
Truffles,Toast
Sandwich,Cookies,Coffee,Tea
Tea,Coffee,Medialuna,Cookies,Farm House
Bread,Scandinavian,Bread
Coffee,Coffee,Coffee,Tea,Medialuna,Medialuna,Cookies,Cookies
Tea,Coffee,Sandwich,Muffin
Bread,Brownie,Coffee
Coffee,Juice,Cookies,Bread
Coffee,Art Tray,Frittata,Sandwich
Hack the stack,Art Tray,Coffee
Soup,Bread,Coffee
Sandwich,Hearty & Seasonal,Bread,Mineral water
Cake,Coffee,Juice
Coffee,Coffee,Bread,Cake
Coffee,Coffee,Mineral water,Hot chocolate,Alfajores
Soup,Juice,Brownie
Spanish Brunch,Juice,Coffee
Coffee,Tea,Medialuna,Brownie,Juice
Bread,Coffee,Tea,Cake
Coffee,Bread,Soup
Coffee,Coffee,Cookies
Coffee,Muesli
Coffee,Hot chocolate,Cake,Bread
Coffee,Coke,Mineral water,Bread,Brownie
Tea,Jammie Dodgers,Scone
Sandwich,Coffee,Coffee,Muffin,Jammie Dodgers,Fudge,Bread
Coffee,Coffee,Bread,Muffin
Tea,Coke,Juice
Hot chocolate,Bread,Cookies
Medialuna,Alfajores,Hot chocolate,Hot chocolate,Bread
Tea,Bread,Brownie
Brownie,Hearty & Seasonal,Sandwich,Coffee
Tea,Scone,Coffee
Brownie,Tea
Tea,Toast,Tiffin,Muffin
The Nomad,Cake
Tea,Tea,Spanish Brunch,Salad
Tea,Muffin,Bread,Soup
Medialuna,Dulce de Leche
Half slice Monster ,Tiffin,Coffee,Juice
Frittata,Soup,Coffee,Coffee
Coffee,Bread,Coffee,Cake,Medialuna
Coffee,Bread,Farm House
Cake,Coffee,Coffee
Truffles,Tea,Spanish Brunch,Christmas common
Coffee,Coffee,Medialuna,Muffin,Coffee
Coffee,Tea,Cake,Pastry
Tea,Juice,Muffin
Truffles,Coffee,Tshirt
Coffee,Coffee,Vegan mincepie,Vegan mincepie
Cake,Cookies,Coffee,Coffee
Jammie Dodgers,Tiffin
Bread,Bread,Cake,Soup,Smoothies,Sandwich
Hot chocolate,Coffee,Cookies,Cookies
Tea,Coffee,Keeping It Local
Coffee,Sandwich,Sandwich
Hot chocolate,Baguette
Tea,Coffee,Sandwich,Sandwich,Bread
Bread,Sandwich,Cake
Bread,Hot chocolate,Sandwich,Chocolates
Medialuna,Vegan mincepie,Juice,Tea
Cookies,Coffee,Juice,Coffee
Brownie,Muffin
Cookies,Cake,Bread,Coffee
Coffee,Toast,Tea
Coffee,Coffee,Hot chocolate,Muffin
Vegan mincepie,Tea
Coffee,Tea,Brownie,Truffles,Muffin
Caramel bites,Coffee,Medialuna
Coffee,Cookies,Bread
Bread,Alfajores,Bread
Alfajores,Alfajores,Coffee,Coffee
Coffee,Medialuna,Crepes,Alfajores
Coffee,Juice,Toast
Bread,Coffee,Pastry
Cookies,Cake
Toast,Sandwich,Mineral water,Coke
Bread,Soup,Alfajores
Coffee,Juice,Truffles,Sandwich,Sandwich,Pastry,Coke
Bread,Salad,Spanish Brunch,Jam
Sandwich,Soup,Bread,Tea
Coffee,Coffee,Sandwich,Pastry
Bread,Cookies
Tea,Bread,Cookies,Pastry
Coffee,Coffee,Cake,Toast
Bread,Coffee,Coffee,Bread
Coffee,Bread,Coffee,Pastry
Eggs,Cherry me Dried fruit
Coffee,Bread,Muffin,Cake
Farm House,Coffee,Coffee,Muffin,Brownie
Cookies,Hot chocolate,Tea,Toast
Hot chocolate,Cake,Bread
Tea,Soup,Soup
Cake,Muffin
Sandwich,Coffee,Fudge,Jam,Bread Pudding
Truffles,Tea
Bread,Coffee,Alfajores,Cookies
Coffee,Extra Salami or Feta,Salad,Bread,Sandwich
Cookies,Coffee,Bread
Scone,Pastry,Coffee
Truffles,Spanish Brunch
Art Tray,Coffee,Coffee,Brownie
Pastry,Pastry,Ellas Kitchen Pouches
Hot chocolate,Coffee,Cake,Medialuna
Tea,Tea,Coffee,Cake,Scone
Alfajores,Cookies,Bread,Bread
Tea,Hot chocolate,Cake,Salad,Coffee
Bread,Hot chocolate,Cake
Farm House,Crepes
Tiffin,Muffin,The Nomad,Truffles,Bread
Alfajores,Sandwich,Hot chocolate,Coffee,Scandinavian,Cookies
Pastry,Pastry,Bread
Sandwich,Coke,Juice,Coffee
Tea,Coffee,Tiffin,Cookies,Ellas Kitchen Pouches
Bread,Coffee,Sandwich,Sandwich
Smoothies,Keeping It Local,Coffee
Juice,Alfajores,Cookies,Pick and Mix Bowls,Mineral water
Vegan Feast,Hot chocolate,Coffee,Brownie,Bread,Cookies
Fudge,Sandwich
Coffee,Tea,Sandwich,Medialuna,Bread
Soup,Coffee,Pastry
Smoothies,Tea,Bread,Fudge
Sandwich,Toast,Tea,Fudge
Tea,Tea,Bread,Alfajores,Bread,Spanish Brunch
Coffee,Tea,Sandwich,Sandwich
Muffin,Cake,Coffee,Tea
Mighty Protein,Coffee
Pastry,Bread,Eggs,Nomad bag
Tea,Tea,Medialuna,Cookies,Bread
Coffee,Coffee,Coffee,Toast
Coffee,Toast,Coffee,Cookies
Tea,Toast
Coffee,Coffee,Bakewell
Cake,Cookies,Sandwich,Soup,Coffee,Tea
Toast,Spanish Brunch,Coke,Tea,Coffee
Coke,Truffles,Brownie
Sandwich,Juice,Coffee
Coffee,Frittata,Toast
Soup,Bread
Brownie,Truffles,Coffee,Coffee
Coffee,Smoothies,Cookies,Medialuna,Scone
Bread,Tea,Tea
Coffee,Brownie,Baguette
Dulce de Leche,Alfajores
Jam,Bread
Coffee,Bread,Chicken Stew,Soup,Bread
The Nomad,Coffee,Medialuna
Bread,Pastry,Bread
Tea,Coffee,Soup,Salad
Sandwich,Tea,Coffee
Tea,Tea,Spanish Brunch,Fudge,Jam
Cake,Brownie,Tea,Soup
Bread,Bread,Pastry
Tea,Vegan mincepie
Medialuna,Truffles
Bread,Eggs
Sandwich,Coffee,Bread
Juice,Medialuna
Sandwich,Sandwich,Coke,Smoothies,Bread,Coffee,Alfajores,Crisps
Tea,Coffee,Cookies,Muffin
Coffee,Juice,Bread
Coffee,Tea,Cookies,Cake
Coffee,Coffee,Alfajores,Cake,Brownie
Coffee,Cake,Tiffin,Granola
The Nomad,Granola,Coffee,Coffee,Cookies,Pastry,Scone,Tea
Coffee,Hot chocolate,Juice,Truffles,Mineral water,Sandwich,Sandwich
Coffee,Muffin,Cake,Pastry,Spanish Brunch,Smoothies
Coffee,Coffee,Bread,Tiffin
Coffee,Tiffin,Scone,Bread
The Nomad,Coffee,Coffee
Coffee,Hot chocolate,Bread,Cookies,Bread
Cake,Pastry,Bread,Bread
Coffee,Coffee,Cake,Sandwich,Hearty & Seasonal
Bread,Pastry,Jam
Juice,Tea,Cookies,Soup
Coffee,Coffee,Tea,Cake,Scone,Cookies
Bread,Medialuna,Pastry
Bread,Chicken Stew,Sandwich,Coffee
Truffles,Spanish Brunch,Cake,Coffee
Cookies,Sandwich,Juice
Medialuna,Coke,Juice
Mighty Protein,Juice
Medialuna,Jammie Dodgers,Muffin,Sandwich
Sandwich,Alfajores
Coffee,Coffee,Bread
Medialuna,Alfajores
Alfajores,Brownie,Bread,Baguette
Coke,Coffee,Sandwich,Muffin
Coffee,Kids biscuit
Chicken Stew,Tea
Coffee,Coffee,Tea,Frittata,Keeping It Local,Bread
Coffee,Coffee,Pastry,Bread
Juice,Cake
Tea,Coffee,Cookies,Cookies
Coffee,Coffee,Hot chocolate,Bread,Pastry,Medialuna
Coffee,Mineral water,Cookies,Toast
Tea,Pastry
Coffee,Coffee,Scandinavian
Medialuna,Pastry,Medialuna
Juice,Cookies,Alfajores,Coffee,Focaccia
Tea,Hot chocolate,Juice,Cookies
Tiffin,Bread,Smoothies,Coffee,Jammie Dodgers,Sandwich
Pastry,Medialuna,Medialuna
Pastry,Medialuna,Coffee
Juice,Tea,Alfajores
Sandwich,Smoothies
Hearty & Seasonal,Coke
Toast,Coffee,Coffee,Muffin
Coffee,Coffee,Spanish Brunch,Duck egg
Coffee,Bread,Sandwich
Truffles,Soup
Cookies,Coffee,Coffee,Toast
Coffee,Tea,Pastry
Tea,Coke,Pastry,Brownie,Scone,Alfajores
Coffee,Pastry,Coffee
Bread,Scandinavian
Bread,Brownie,Muffin
Cookies,Baguette
Coffee,Coffee,Brownie,Pastry,Bread
Bread,Juice,Crisps
Bread,Tea,Empanadas
Cake,Scone,Coffee
Alfajores,Bread,Coffee,Coffee
Vegan mincepie,Coffee,Tea
Cookies,Mineral water,Coffee
Coffee,Tea,Sandwich,Salad
Medialuna,Brownie,Tea
Sandwich,Bread,Muffin
Brownie,Jammie Dodgers,Bread,Chicken Stew,Sandwich,Tea,Tea
Bread,Scone,Bread,The Nomad
Bread,Coffee,Brownie
Smoothies,Bread
Coffee,Pastry,Bread,Hearty & Seasonal
Coffee,Smoothies,Alfajores,Alfajores
Coffee,Art Tray
Soup,Scandinavian,Coffee,Mineral water
Coffee,Sandwich
Coffee,Tea,Muffin,Muffin
Sandwich,Coffee,Cake
Hot chocolate,Coffee,Medialuna,Soup,Cake
Sandwich,Cake,Hot chocolate
Juice,Toast,Sandwich,Sandwich,Tea,Coffee,Cookies,Cookies,Alfajores,Alfajores,Hot chocolate
Coffee,Coffee,Chicken Stew,Extra Salami or Feta
Coffee,Hot chocolate,Muffin
Juice,Muffin
Tea,Muffin,Cake,Juice,Coffee
Coffee,Tiffin
Truffles,Bread,Coffee
Baguette,Bread
Coffee,Muffin,Medialuna
Tiffin,Coffee,Tea
Tiffin,Truffles,Coffee
Bread,Pastry,Honey
Coffee,Brownie,Bread,Frittata,Juice,Smoothies,Scone
Coffee,Coffee,Coffee,Coffee,Medialuna,Cookies
Bread,Tea,Medialuna
Pastry,Fudge,Jam,Jam
Coffee,Brownie,Cookies
Pastry,Keeping It Local,Coffee,Hot chocolate
Cake,Bakewell,Tea,Coffee
Bread,Bread,Bread,Pastry
Tea,Coffee,Pastry
Coffee,Tacos/Fajita,Toast
Coffee,Smoothies,Cake,Bread
Coffee,Spanish Brunch,Truffles
Bread,Chicken Stew
Mineral water,Truffles
Pastry,Tea,Alfajores,Hearty & Seasonal
Coffee,Bread,Coffee,Bread,Cookies
Cake,Scone,Medialuna,Soup,Coffee,Coffee,Tea
Tartine,Hearty & Seasonal
Juice,Coke,Soup
Soup,Coffee,Cake
Coffee,Cookies,Mineral water,Tea,Alfajores
Juice,Cake,Jammie Dodgers,Bread
Coffee,Coffee,Coffee,Brownie
Coffee,Scone,Muffin,Hot chocolate
Juice,Coke,Medialuna,Sandwich
Cake,Coffee,Cookies
Hot chocolate,Tea
Medialuna,Pastry,Coffee,Tea
Tea,Tea,Hot chocolate
Eggs,Coffee,Pastry
Muffin,Pastry,Focaccia
Juice,Sandwich,Cake
Coffee,Jammie Dodgers,Cookies
Hot chocolate,Tea,Bread,Cake
Hot chocolate,Smoothies,Spanish Brunch
Coffee,Tea,Brownie
Fudge,Bread,Coffee,Bread,Cake
Tea,Cake,Bread
Bread,Tea,Soup,Sandwich
Tea,Cookies,Cake
Spanish Brunch,Baguette
Chicken Stew,Scone,Brownie,Medialuna
My-5 Fruit Shoot,Coffee,Brownie
Muffin,Pastry,Bread
Scone,Frittata,Juice
Scandinavian,Pastry,Alfajores
Bread,Bread,Brownie
Coffee,Tea
Medialuna,Medialuna,Pastry
Toast,Coffee,Coffee,Coffee
Bread,Coffee,Coffee
Tea,Cake,Scone
Soup,Art Tray,My-5 Fruit Shoot,Bread,Muffin
Bread,Mineral water,Muffin,Cake
Juice,Coffee,Coffee,Hot chocolate,Hot chocolate,Chocolates,Jammie Dodgers
Truffles,Scone
Bread,Tea,Coffee,Brownie,Medialuna
Bread,Hot chocolate,Hot chocolate
Tea,Brownie,Alfajores,Pastry,Bread
Coffee,Coffee,Jammie Dodgers,Alfajores,Juice
Hot chocolate,Drinking chocolate spoons 
Juice,Coke,Sandwich,Sandwich,Cake,Tiffin
Fudge,Spread
Truffles,Coffee,Cake,Pastry,Sandwich
Coffee,Bread,Tea
Cake,Coffee,Coffee,Sandwich,Sandwich
Hearty & Seasonal,Bread
Brownie,Drinking chocolate spoons ,Bread,Coffee,Sandwich,Sandwich
Tea,Coffee,Cookies,Sandwich
Bread,Focaccia
Jam,Cake,Bread,Coffee
Cookies,Juice,Coffee,Coffee
Vegan mincepie,Jammie Dodgers,Cake,Tiffin
Medialuna,Pastry,Coffee,Coffee,Coffee
Cookies,Tea,Tea
Sandwich,Tea
Brownie,Medialuna,Muffin
Soup,Soup
Bread,Fudge,Pastry
Hot chocolate,Truffles
Hearty & Seasonal,Coffee,Muffin,Scandinavian
Truffles,Spanish Brunch,Cake
The Nomad,Coffee
Pastry,Medialuna,Pastry,Coffee,Coffee,Hot chocolate,The Nomad,Toast
Soup,Jam,Muffin,Coffee
Coffee,Coffee,Coffee,Coffee,Toast
Cake,Tea,Toast
Truffles,Juice,Bread,Jammie Dodgers,Cake,Medialuna
Coffee,Sandwich,Tea,Bread
Medialuna,Cake,Tea,Tea
Coffee,Muffin,Bread
Coke,Coffee,Brownie
Coffee,Spanish Brunch,Extra Salami or Feta
Tea,Victorian Sponge
Bread,Jammie Dodgers,Scandinavian
Pastry,Medialuna,Coffee,Tea
Bread,Coffee,Scone,Cookies,Soup,Salad,Truffles,Mineral water
Vegan mincepie,Cookies,Tiffin,Bread
Juice,Cookies,Coffee
Coffee,Coffee,Brownie,Cake
Coffee,Coffee,Coffee,Bread,Pastry,Alfajores
Dulce de Leche,Bread,Coffee,Pastry,Bread
Spanish Brunch,Tea
Valentines card,Tshirt,Postcard
Tea,Tea,Toast
Coffee,Coffee,Medialuna,Medialuna,Bread
Hot chocolate,Cake,Coffee
Muffin,Hot chocolate,Coffee
Bread,Tiffin,Cookies,Toast
Coffee,Coffee,Bread,Pastry
Coffee,Coke,Juice,Truffles,Medialuna
Pastry,Medialuna,Coffee,Juice,Farm House,Brownie
Coffee,Coffee,Coffee,Alfajores
Coffee,Truffles,Bread
Bread,Farm House,Bread,Coffee,Sandwich,Truffles
Bread,Farm House
Brownie,Coffee
Cookies,Tea,Bread
Soup,Coffee,Coffee
Coffee,Medialuna,Pastry
Caramel bites,Jammie Dodgers,My-5 Fruit Shoot,Bread
Tea,Sandwich,Soup
Bread,Tea,Cake
Mineral water,Cookies
Coffee,Coffee,Cake,Muffin
Hot chocolate,Bread,Muffin,Coffee,Pastry
Coffee,Tea,Focaccia
Salad,Extra Salami or Feta,Coffee,Bread
Coffee,Truffles,Pastry
Tea,Coffee,Coffee,Toast
Scone,Cookies,Coffee,Juice
Coffee,Hot chocolate,Coffee,Medialuna,Jammie Dodgers
Toast,Cookies
Coffee,Medialuna,Medialuna,Medialuna
Coffee,Scone,Juice,Cake,Brownie
Pastry,Pastry,Pastry,Bread
Juice,Coffee,Coffee,Spanish Brunch,Bread
Coffee,Tea,Tiffin
Brownie,Pastry,Juice,Bread,Scone
Scone,Fudge
Pastry,Bread
Coffee,Hot chocolate,Basket,Farm House
Pastry,Muffin
Coffee,Coke,Tea,Sandwich,Spanish Brunch
Bread,The BART
Coffee,Soup,Coffee,Muffin
Brownie,Medialuna,Coffee
Coffee,Tea,Cake,Muffin
The Nomad,Tea,Coffee
Coffee,Hot chocolate,Pastry,Cake
Tea,Soup,Cookies
Hot chocolate,Hot chocolate,Bread,Scone
Coffee,Jammie Dodgers,Frittata
Pastry,Scandinavian
Bread,Coffee,Sandwich,Spanish Brunch,Bread
Tea,Truffles,Cookies
Tea,Brownie,Tea
Bakewell,Coffee,Soup
Truffles,Coffee,Sandwich,Spanish Brunch,Brownie
Truffles,Coffee,Sandwich,Sandwich,Salad
Hearty & Seasonal,Cake,Coffee
Cookies,Farm House
Tea,Alfajores,Toast
Fudge,Jam,Focaccia
Brownie,Pastry,Cake
Farm House,Jam,Scandinavian
Salad,Extra Salami or Feta,Sandwich,Coffee
Medialuna,Farm House
Bread,Cake,Pastry
Coffee,Muffin,Salad,Extra Salami or Feta
Cake,Focaccia
Tea,Tea,Bread,Soup,Spanish Brunch,Chicken Stew
Bread,Hot chocolate,Tshirt
Coffee,Tea,Bread,Fudge,Jam
Cookies,Coffee,Coffee
Jammie Dodgers,Tiffin,Bread,Juice,Tea,Coffee
Tea,Muffin,Bread
Scandinavian,Alfajores
Jam,Bread,Scandinavian
Scone,Pastry
Medialuna,Coffee,Bread
Cookies,Muffin,Coffee,Coffee,Coffee
Coffee,Tea,Scone,Bread
Coffee,Coffee,Alfajores,Tiffin,Brownie,Bread
Scone,Toast,Coffee,Coke
Coffee,Coffee,Muffin,Sandwich,Soup
Chicken Stew,Bread
Brownie,Alfajores,Hot chocolate,Tea,Bread
Coffee,Coffee,Toast,Scone
Coffee,Hot chocolate,Bread,Scone
Tea,Coffee,Cookies
Tea,Hot chocolate,Cookies,Jammie Dodgers,Bread
Tea,Mineral water,Soup,Cake
Tea,Sandwich,Bread
Hot chocolate,Toast
Spanish Brunch,Coffee,Coffee
Tea,Bread,Cookies,Sandwich,Juice
Baguette,Alfajores
Coffee,Bread,Toast
Alfajores,Alfajores,Bread
Keeping It Local,Tea,Brownie,Bread
Coke,Soup
Coffee,Brownie,Cake,Tea
Cookies,Pastry,Tea
Bread,Cookies,Frittata
Coffee,Mineral water,Juice,Soup
Coffee,Cookies,Jammie Dodgers,Cake,Tiffin
Bread,Coffee,Soup,Muffin
Cake,Muffin,Coffee
Muffin,Pastry,Coffee,Tea
Soup,Sandwich,Coffee,Tea,Cake
Coffee,Coffee,Soup,Mighty Protein
Cake,Muffin,Bread,Coffee,Coffee
Tea,Soup,Sandwich,Medialuna
Sandwich,Sandwich,Brownie
Coffee,Coffee,Frittata,Muffin,Scandinavian
Extra Salami or Feta,Salad,Toast,Coffee
Gift voucher,Bread
Coffee,Smoothies,Brownie,Sandwich,Sandwich
Coffee,Coffee,Fudge,Bread
Hot chocolate,Coffee,Pastry,Medialuna
Truffles,Juice,Coffee,Bread,Pastry,Scone
Tea,Bread,Scone,Cake
Tea,Hot chocolate,Pastry,Cake
Coffee,Bread,Spanish Brunch,Sandwich,Bread,Farm House
Bread,Olum & polenta
Bread,Pastry,Tea,Coffee
Bread,Coffee,Tea
Coffee,Juice,Sandwich,Crisps
Pastry,Scone,Coffee,Tea
Cookies,Cookies
Coffee,Vegan mincepie,Pastry
Bread,Coffee,Frittata,Farm House
Tea,The Nomad,Cake
Vegan Feast,Tea
Sandwich,Tea,Alfajores
Bread,Bread,Pastry,Medialuna
Spanish Brunch,Sandwich,Toast,Cake,Medialuna,Chicken Stew
Tea,Tea,Brownie,Cake
Dulce de Leche,Fudge
Soup,Soup,Cake,Cake,Tea,Tea
Tiffin,Bread
Coffee,Coffee,Hot chocolate,Coffee,Cake,Medialuna
Farm House,Brownie
Pastry,Cake,Mineral water
Hot chocolate,Hot chocolate,Toast,Pastry
Alfajores,Cake,Coffee,Coffee
Coffee,Brownie,Alfajores,Fudge
Medialuna,Medialuna
Hot chocolate,Coffee,Bread
Tiffin,Cake
Coffee,Coffee,Tiffin,Medialuna,Brownie,Mineral water
Coffee,Tea,Juice
Hot chocolate,Tea,Cake
Coffee,Coffee,Alfajores
Bread,Medialuna,Toast,Bread
Coke,Tea,Brownie
Coffee,Tartine,Coffee,Pick and Mix Bowls,Jam
Tiffin,Farm House
Cake,Coffee,Tea
Frittata,Bread
Toast,Bread,Tea,Coffee
Jam,Cookies,Fudge
Coffee,Coffee,Toast,Medialuna
Coffee,Cake,Bread,Cookies
Coffee,Coffee,Cake,Pastry
Scandinavian,Coffee,Pastry
Sandwich,Sandwich,Coffee,Tea
Sandwich,Soup,Coffee,Alfajores
Baguette,Bread,Pastry
Bread,Coffee,Toast
Alfajores,Scandinavian
Tea,Tea,Tea,Brownie,Bread
Bread,Coffee,Pastry,Cake
Frittata,Bread,Coffee
Tea,Juice,Bread,Afternoon with the baker
Soup,Tea,Cake
Tea,Scone,Bread
Hearty & Seasonal,Soup,Bread,Coffee
Bread,Gingerbread syrup
Coffee,Coffee,Juice,Extra Salami or Feta,Salad,Toast
Sandwich,Juice
Coffee,Coffee,Brownie,Scone
Farm House,Pastry
Coffee,Bread,Cake
Bread,Medialuna,Coffee
Coffee,Granola,Bread
Tea,Sandwich,Brownie
Coffee,Tea,Bread,Tiffin,Chicken Stew
Frittata,Pastry,Vegan mincepie
Soup,Salad,Bread
Bread,Victorian Sponge
Sandwich,Frittata,Coke,Mineral water,Brownie
Focaccia,Pastry
Alfajores,Muffin
Coffee,Tea,Bread,Cake
Granola,Coffee
Cherry me Dried fruit,Coffee
Bread,Bread,Scandinavian
Sandwich,Muffin,Bread,Cookies
Coffee,Coffee,Spanish Brunch,Coffee,Art Tray
Bread,Hot chocolate,Cookies
Bread,Alfajores
Chicken Stew,Spanish Brunch
Coffee,Coffee,Medialuna,Pastry
Coffee,The Nomad
Bread,Tea,Jam
Soup,Soup,Soup,Bread,Cake,Cake,Tea,Bread,Tea
Alfajores,Cookies,Cake,Bread
Brownie,Alfajores,Coffee,Bread
Hot chocolate,Bread,Brownie,Scone
Coffee,Juice,Toast,Sandwich,Baguette
Soup,Sandwich
Tea,Hot chocolate,Cake
Coffee,Medialuna,Cake
Pastry,Dulce de Leche
Bread,Coffee,Bakewell,Lemon and coconut
Coffee,Coffee,Chicken Stew,Pastry
Coffee,Bread,Alfajores
Coffee,Hot chocolate,Tea
Juice,Truffles,Mineral water
Coffee,Tea,Alfajores,Alfajores
Alfajores,Tea,Coffee
Bread,Coffee,Alfajores,Bread
Brownie,Hot chocolate
Bakewell,Hot chocolate,Toast,Chicken Stew
Coffee,Juice,Alfajores
Bread,Coffee,Pastry,Brownie
Bread,Cookies,Muffin
Medialuna,Pastry,Muffin
Hot chocolate,Coffee,Coffee
Bread,Juice,Coffee,The Nomad,Sandwich
Coffee,Tea,Art Tray,Cookies
Cake,Brownie,Coffee,Coffee
Coffee,Coffee,Cake,Cookies
Bread,Coffee,Coffee,Cookies,Cake
Coffee,Coffee,Tea,Bread,Cake,Alfajores,Toast
Alfajores,Brownie,Cake
Coke,Tea,Hot chocolate,Medialuna
Bread,Tea,Alfajores,Medialuna
Coffee,Coffee,Pastry,Pastry,Soup,Chicken Stew
Coffee,Coffee,Jam,Pastry
Pastry,Medialuna,Alfajores,Alfajores,Cake
Cake,Bread,Jammie Dodgers,Coffee,Tea,Coffee
Tshirt,Fudge
Coffee,Bread,Juice,Truffles,Frittata,Cookies,Crisps
Coffee,Bread,Bread,Alfajores
Coffee,Tea,Keeping It Local
Hack the stack,My-5 Fruit Shoot,Tea,Art Tray
Hot chocolate,Bread,Cake,Jammie Dodgers
Hot chocolate,Half slice Monster ,My-5 Fruit Shoot
Coffee,Hot chocolate,Coffee,Cookies,Vegan mincepie
Coffee,Bread,Coffee
Bowl Nic Pitt,Frittata,Muffin,Coffee
Sandwich,Coffee,Coke,Smoothies
Tea,Juice,Hearty & Seasonal,Hearty & Seasonal
Coffee,Coffee,Coffee,Art Tray,Soup,Soup,Salad,Spanish Brunch
Muffin,Jam
Scandinavian,Pastry,Juice
Coffee,Jammie Dodgers,Sandwich
Tea,Brownie,Raspberry shortbread sandwich
Bread,Soup
Coffee,Tea,Sandwich
Bread,The Nomad,Jam
Juice,Muffin,Cake,Soup
Coffee,Bread,Muffin
Soup,Tea,Juice
Coffee,Coffee,Salad
Coffee,Bread,Pastry,Frittata
Salad,Spanish Brunch,Coke
Brownie,Pastry,Focaccia,Farm House
Coffee,Tea,Cake
Hot chocolate,Hot chocolate,Muffin
Tea,Bread,Alfajores,Medialuna,Bread,Jam
Coffee,Coffee,Bread,Hearty & Seasonal,Pick and Mix Bowls,Sandwich,Focaccia
Coffee,Coffee,Pastry
Coffee,Soup,Brownie
Coffee,Bread,Mineral water,Toast
Bread,Coffee,Pastry,Pastry
Cake,Tiffin,Bread,Hot chocolate,Coffee
Cookies,Bread
Cake,Scone,Chicken Stew,Soup
Farm House,Chimichurri Oil
Cake,Tiffin,Coffee,Coffee
Tea,Tea,Pastry
Coffee,Chicken Stew,Toast
Tea,Scandinavian
Bread,Smoothies
Sandwich,Cookies
Coffee,Bread,Cookies
Hot chocolate,Coffee,Alfajores
Toast,Juice
Afternoon with the baker,Brownie,Cookies,Cookies
Soup,Spanish Brunch,Coffee,Coffee
Coffee,Hot chocolate,Toast
Tea,Coffee,Bread,Pastry
Coffee,Coffee,Coffee
Coffee,Bread,Alfajores,Bakewell,Tea
Tea,Bread,Hot chocolate,Vegan mincepie,Bread
Hot chocolate,Hot chocolate,Coffee,Coffee,Coffee,Cookies,Cookies,Brownie,Pastry,Baguette
Medialuna,Medialuna,Coffee
Bare Popcorn,Ellas Kitchen Pouches
Sandwich,Tea,Juice,Vegan mincepie
Pastry,Pastry,Coffee
Spanish Brunch,Tea,Coffee
Cookies,Cake,Cake,Truffles
Coffee,Bread,Pastry
Pastry,Tiffin,Truffles,Bread,Soup
Brownie,Pastry,Coffee
Bread,Cake,Coffee,Tea,Scandinavian
Coffee,Baguette
Tea,Vegan mincepie,Jammie Dodgers,Coffee,Medialuna
Bread,Coffee,Medialuna,Medialuna,Jam
Hot chocolate,Hot chocolate,Bread,Brownie
Bread,Fudge,Alfajores
Scandinavian,Focaccia
Pastry,Tea
Sandwich,Bread,Truffles,Coffee
Coffee,Alfajores
Coffee,Tea,Toast,Brownie
Cake,Cake,Coffee granules 
Pastry,Coffee,Soup,Sandwich
Truffles,Cake
Bread,Frittata
Bread,Coffee,Coffee,Soup,Soup,Bread,Farm House
Bread,Smoothies,Mineral water,Alfajores,Brownie,Cake,Bread
Juice,Tea,Bread,Cake
Farm House,Coffee,Medialuna,Bread
Tea,Coffee,Medialuna
Farm House,Hot chocolate
Medialuna,Muffin,Coffee,Juice
Bread,Jammie Dodgers,Cake
Scone,Crepes,Alfajores,Alfajores
Cookies,Coffee,Pastry
Tea,Granola,Afternoon with the baker,Argentina Night
Baguette,Cake
Juice,Pastry,Medialuna
Coffee,Juice,Tiffin,Brownie
Coffee,Sandwich,Tea
Chicken Stew,Juice
Cake,Half slice Monster 
Coffee,Smoothies,Juice,Soup,Hearty & Seasonal
Soup,Sandwich,Tea,Alfajores,Alfajores
Coffee,Toast,Scandinavian
Hot chocolate,My-5 Fruit Shoot,Cake
Bread,Coffee,Truffles
Jam,Coffee,Coffee
Hearty & Seasonal,Coffee
Smoothies,Sandwich
Juice,Baguette
Medialuna,Hot chocolate,Bread,Coffee
Truffles,Tacos/Fajita,Bread,Cake
Juice,Bread
Coffee,Salad,Scandinavian
Tea,Toast,Baguette
Tiffin,Chicken Stew,Bread
Spanish Brunch,Salad,Tea,Coffee,Pastry,Cake
Hot chocolate,Coke,Juice,Chocolates,Tea
Scone,Cookies,Hot chocolate,Coffee
Hot chocolate,Hot chocolate,Medialuna
Cookies,Muffin,Pastry
Soup,Hearty & Seasonal,Mineral water
Tea,Tea,Hot chocolate,Toast,Sandwich
Coffee,Tea,Caramel bites,Kids biscuit
Brownie,Scone
Jammie Dodgers,Coffee
Cookies,Cake,Coffee
Bread,Coffee,Salad,Spanish Brunch
Sandwich,Coffee,Truffles
Bakewell,Farm House
Bread,Cake,Jammie Dodgers
Spanish Brunch,Truffles,Juice,Sandwich
Tea,Hearty & Seasonal,Farm House
Hot chocolate,Brownie
Jam,Tartine,Bread
Bread,Juice,Cake,Jammie Dodgers
Fudge,Coffee,Coffee
Coke,Chicken Stew
Victorian Sponge,Hot chocolate,Tea,Soup
Coffee,Coffee,Coffee,Alfajores,Brownie
Pastry,Coffee
Tea,Frittata
Bread,Crepes
Spanish Brunch,Hot chocolate
Pastry,Tea,Alfajores
Coffee,Bread,Empanadas,Medialuna
Sandwich,Bread,Bread,Muffin
Bread,Pastry,Hot chocolate,Coffee
Art Tray,Tartine
Alfajores,Medialuna,Scandinavian
Mortimer,Coffee granules 
Coffee,Juice,Hot chocolate,Cake
Coffee,Pastry,Farm House
Hot chocolate,Alfajores,Bread,Muffin
Juice,Mineral water,Sandwich,Pick and Mix Bowls
Cake,Coffee,Cookies,Coke
Hot chocolate,Tea,Alfajores
Tea,Coffee,Coffee,Muffin,Cake
Chicken Stew,Sandwich,Tea,Cake
Tea,Bakewell
Tea,Coffee,Toast
Focaccia,Bread
Coffee,Bread,Cake,Bread
Tea,Hot chocolate,Brownie,Truffles
Medialuna,Bread,Bread,Coffee,Mineral water
Coffee,Toast,Medialuna,Coffee
Cake,The Nomad
Sandwich,Sandwich,Truffles,Tea
Scone,Bread,Tea,Coffee
Smoothies,Coffee,Coffee,Cake
Coffee,Coffee,Juice,Cake,Cookies
Smoothies,Coffee,Bread,Cookies
Bread,Medialuna
Coffee,Coffee,Sandwich,Sandwich
Tea,Scone
Scandinavian,Baguette,Muffin,Cake
Coffee,Coffee,Cake,Tiffin,Bread
Scone,Frittata,Tea,Bread
Tea,Tea,Muffin
Coffee,Chicken Stew,Art Tray
Soup,Pastry,Tea
Bread,Bread
Medialuna,Truffles,Tea
Hot chocolate,Pastry,Bread
Coffee,Hot chocolate,Coffee,Bread,Cake
Coffee,Truffles,Cake,Vegan mincepie
Farm House,Medialuna
Hot chocolate,Bread,Pastry,Pastry
Nomad bag,Postcard,Tshirt
Coffee,Coffee,Coffee,Toast,Sandwich
Truffles,Frittata
Coffee,Medialuna,Cookies
Truffles,Sandwich
Gingerbread syrup,Jam,Fudge,Fudge
Coffee,Bread,Bread,Bread
Coffee,Sandwich,Salad
Coffee,Hot chocolate,Brownie
Coffee,Coffee,Scone
Tiffin,Muffin
Coffee,Cake,Cake
Bread,Scone,Cookies,Soup
Alfajores,Coffee,Tea
Spanish Brunch,The Nomad,Tea,Tea,Juice,Art Tray,Cake,Cake,Alfajores,Tea,Hot chocolate
Soup,Chicken Stew,Coffee,Tea
Coffee,Coffee,Cake,Bread
Jam,Jam
Cookies,Bread,Farm House
Bread,Juice,Alfajores
Tiffin,Tea
Coffee,Bakewell,Pastry,Juice,Hot chocolate
Smoothies,Muffin,Hot chocolate,Toast
Fudge,Bread
Hot chocolate,Truffles,Spanish Brunch
Bread,Sandwich,Pastry,Bread
Tea,Tea,Coffee
Coffee,Spanish Brunch
Soup,Truffles
Soup,Cake
Bread,Coffee
Truffles,Crisps,Sandwich
Coffee,Coffee,Tea,Cake,Alfajores
Cake,Bread,Hot chocolate
Bread,Bread,Bread
Bread,Keeping It Local
Tea,Coffee
Hot chocolate,Hot chocolate,Bread,Alfajores
Coffee,Smoothies,Frittata
Coffee,Coffee,Spanish Brunch,Extra Salami or Feta,Toast
Bread,Pastry,Pastry
Coffee,Brownie
Juice,Tea,Bread,Medialuna
Juice,Cookies,Brownie,Tea
Bread,Coffee,Bread,Drinking chocolate spoons 
Bread,Cookies,Cake
Focaccia,Farm House
Coffee,Tea,Cake,Scone
Tea,Hot chocolate,Cake,Medialuna,Medialuna
Coffee,Truffles,Brownie,Alfajores
Tiffin,Bread,Bread
Hot chocolate,Hot chocolate
Tea,Sandwich,Sandwich
Cookies,Alfajores,Pastry,Medialuna
Coffee,Spanish Brunch,The Nomad,Brownie,Cookies
Coffee,Juice,Pastry
Bread,Juice,Coffee,Coffee,Cookies,Bread
Coffee,Hot chocolate,Medialuna
Juice,Sandwich
Coffee,Coffee,Tea,Medialuna
Bread,Coffee,Medialuna,Farm House
Alfajores,Bread,My-5 Fruit Shoot,Juice
Tea,Bread
Tea,Coffee,Toast,Scandinavian,Farm House
Bread,Bread,Tea,Pastry
Bread,Scone
Coffee,Sandwich,Bread
Coffee,Toast,Bread
Bakewell,Cake,Bread
Coffee,Scone,Coffee
Coffee,Coffee,Toast,Scandinavian
Bread,Mineral water,Brownie
Focaccia,Coffee
Coffee,Hearty & Seasonal,Sandwich,Bread
Coffee,Tea,Pastry,Muffin
Coffee,Medialuna,Medialuna,Sandwich
Scandinavian,Coffee
Tea,Truffles,Medialuna
Brownie,Bread
Cake,Jam
Bread,Muffin,Kids biscuit
Alfajores,Pastry,Baguette,Coffee,Coffee
Focaccia,Medialuna
Tea,Jammie Dodgers,Cake,Juice
Scandinavian,Baguette
Coffee,Bread,Pastry,Medialuna
Sandwich,Sandwich,Sandwich,Coke,Truffles,Coffee
Afternoon with the baker,Cake
Coffee,Frittata
Fudge,Tea,Coffee,Muffin
Bread,Pastry,Coffee
Bread,Coffee,Cookies
Soup,Juice,Coffee
Coffee,Coffee,Jammie Dodgers,Truffles
Coffee,Bread,Truffles
Medialuna,Alfajores,Coffee,Tea
Coffee,Coffee,Spanish Brunch
Cookies,Pastry,Coffee,Juice
Tea,Coffee,Coffee,Coke
Coke,Muffin,Coffee
Coffee,Coffee,Jammie Dodgers,Scone
Coffee,Coffee,Medialuna,Bread
Cake,Coffee,Soup
Alfajores,Coffee,Coffee,Coffee,Juice
Baguette,Coffee
Coffee,Hot chocolate,Pastry,Jam
Sandwich,Sandwich,Coke,Cake,Crisps
Cookies,Sandwich,Coffee,Coffee
Hot chocolate,Tea,Truffles,Cake,Muffin
Coffee,Jam,Jam
Smoothies,Tea,Hot chocolate,Jammie Dodgers
Coffee,Muffin,Mineral water,Juice
Baguette,Hot chocolate
Cake,Scone,Scandinavian
Coffee,Coffee,Bread,Alfajores,Alfajores,Pastry
Coffee,Fudge,Fudge,Bread
Tea,Bread,Alfajores
Tea,Tea,Pastry,Toast,Bread,Brownie,Cake
Juice,Coffee,Cake
Tea,Sandwich,Medialuna
Coffee,Cookies,Cake
Coffee,Bread
Gingerbread syrup,Coffee
Muffin,Muffin,Brownie,Alfajores,Hot chocolate,Coffee,Coffee
Tartine,Tea,Tartine
Farm House,Pastry,Pastry,Medialuna
Salad,Sandwich,Coffee
Tea,Coke,Truffles,Bread
Bread,Muffin
Alfajores,Bread,Coffee
Fudge,Jam,Jam
Tea,Scone,Lemon and coconut
Coffee,Coffee,Pastry,Keeping It Local
Hot chocolate,Fudge
Coffee,Coffee,Coffee,Tea,Cake,Scone,Sandwich,Sandwich
Sandwich,Sandwich,Bread,Juice
Bread,Coffee,Keeping It Local
Bread,Jam
Coffee,Coffee,Sandwich,Sandwich,Jammie Dodgers,Tiffin
Hot chocolate,Coffee,Cake
Coffee,Coffee,Hot chocolate,Cake
Coffee,Sandwich,Cake
Farm House,Baguette
Coffee,Bread,Pastry,Medialuna,Farm House
Tartine,Tea,Muffin
Bread,Cookies,Coffee
Baguette,Farm House
Cake,Muffin,Muffin,Muffin
Hot chocolate,Juice,Hot chocolate,Toast,Chicken Stew,Tea,Tea
Bread,Cake,Coffee,Coffee,Coffee
Pastry,Bread,Jam
Chicken Stew,Juice,Coke
Cake,Scone,Coffee,Tea,Tea,Brioche and salami
Tea,Tartine
Cake,Mineral water
Coffee,Coffee,Tea,Cake,Medialuna
Soup,Coffee,Medialuna
Bread,Granola,Pastry
Coffee,Soup,Cake
Alfajores,Mineral water,Coffee,Hot chocolate,Cookies,Cookies
Bread,Coffee,Juice,Scone
Pastry,Pastry,Scone,Coffee
Alfajores,Medialuna,Scandinavian,Farm House
Coffee,Bread,Pastry,Alfajores
Coffee,Medialuna,Pastry,Alfajores
Coffee,Pastry,Bread
Coffee,Coffee,Hearty & Seasonal,Soup
Scandinavian,Cake
Coffee,Juice,Brownie
Coffee,Cake,Brownie,Alfajores
Coffee,Tea,Soup,Bread
Coffee,Tea,Cake,Jammie Dodgers
Scone,Cake,Scandinavian
Truffles,Mineral water,Soup
Coffee,Coffee,Scone,Bread
Juice,Bread,Sandwich,Sandwich,Sandwich,Coke
Coffee,Medialuna,Pastry,Bread
Sandwich,Sandwich,Bread,Coffee,Mineral water
Tea,Toast,Cookies
Coffee,Brownie,Bread
Cookies,Muffin
Coffee,Coffee,Chicken Stew
Coffee,Mineral water,Tea
Scone,Cake,Coffee
Cookies,Cookies,Spanish Brunch,Toast,Coffee,Bread
Spanish Brunch,Sandwich,Coffee,Truffles
Granola,Scandinavian
Hot chocolate,Coffee,Bread,Scandinavian,Cookies
Jam,Scandinavian
Soup,Chicken Stew
Polenta,Tea
Coffee,Coffee,Coffee,Cake,Sandwich
Sandwich,Soup
Coffee,Coffee
Hot chocolate,Coffee,Bread,Bread,Vegan mincepie
Coffee,Pastry,Alfajores,Farm House
Scandinavian,Brownie,My-5 Fruit Shoot
Coffee,Cookies,Scandinavian
Mineral water,Hot chocolate,Cookies,Cake
Coffee,Alfajores,Spanish Brunch
Cake,Fudge
Focaccia,Fairy Doors
Hot chocolate,Bread,Medialuna,Toast
Baguette,Pastry,Cake,Truffles,Coffee
Coffee,Coke,Sandwich
Cake,Alfajores,Coffee,Tea
Coffee,Medialuna,Pastry,Medialuna
Bread,Hot chocolate,Muffin,Smoothies
Juice,Mineral water,Soup
Coffee,Coffee,Cake,Salad
Muffin,Scone,Cake,Tea,Tea,Tea
Coffee,Tacos/Fajita,Cake
Coffee,Bread,Coffee,Medialuna,Muffin,Scandinavian
Medialuna,Pastry,Coffee
Farm House,Frittata,Cookies
Brownie,Focaccia
Cake,Bread,Jammie Dodgers
Scandinavian,Muffin
Tea,Pastry,Farm House
Tea,Hot chocolate,Alfajores
Tea,Scone,Tiffin
Brownie,Cake,Hot chocolate
Tea,Coffee,Cake,Jammie Dodgers
Tartine,Sandwich,Tea,Bread
Coffee,Hot chocolate,Cookies
Juice,Coffee,Cookies
Bread,Sandwich,Coffee
Bread,Alfajores,Brioche and salami
Juice,Cake,Sandwich
Cake,Cake,Coffee,Smoothies,Tea
Tshirt,Coke
Pastry,Scandinavian,Muffin
Tartine,Coffee,Tea
Cake,Pastry,Pastry,Alfajores,Alfajores,Coffee,Bread
Jammie Dodgers,Muffin,Coffee,Coffee,Juice
Sandwich,Brownie,Hot chocolate,Coffee
Bread,Cake,Tiffin
Coffee,Coffee,Toast,Sandwich
Tea,Coffee,Cake
Toast,Sandwich,Hot chocolate,Cookies
Hearty & Seasonal,Coffee,Bread
Cake,Bread,Coffee,Coffee,Baguette
Bread,Bread,Bread,Cake
Coffee,Coffee,Medialuna,Hearty & Seasonal
Sandwich,Sandwich,Bread
Sandwich,Coffee,Brownie
Coffee,Coffee,Jam
Truffles,Pastry
Medialuna,Scone,Coffee,Coffee
Hot chocolate,Coffee,Toast
Toast,Coffee,Juice
Hot chocolate,Smoothies,The Nomad,Bread,Afternoon with the baker
Cake,Muffin,Alfajores
Hearty & Seasonal,Sandwich,Bread,Muffin,Brownie
Bread,Tea,Muffin,Pastry
Coffee,Cookies,Juice
Juice,Hot chocolate,Coffee,Cake
Baguette,Bakewell
Tea,Coffee,Alfajores
Cake,Truffles
Tea,Tea,Bread,Coffee,Pastry
Coffee,Hot chocolate,Coffee,Basket
Bread,Hot chocolate,Sandwich
Coffee,Jammie Dodgers,Brownie,Hot chocolate,Hot chocolate
Bread,Tea,Tea,Bread,Cake
Coffee,Juice,Spanish Brunch
Coffee,Cake,Pastry
Frittata,Bread,Muffin
Tea,Tea,The Nomad,Pastry
Coffee,Coffee,Sandwich,Sandwich,Alfajores,Alfajores
Soup,Brownie
Coffee,Sandwich,Medialuna
Tea,Juice,Scone,Cake
Coffee,Coffee,Truffles,Alfajores,Scone
Bread,Coffee,Scone
Tea,Tea,Soup,Cake,Bread,Scone,Cake
Tiffin,Hot chocolate
Coffee,Coffee,Coffee,Cake,Cookies
Hot chocolate,Coffee,Pastry
Soup,Kids biscuit
Tacos/Fajita,Juice
Coke,Bread
Tea,Tea,Cake,Cake
Hearty & Seasonal,Coffee,Tea
Coffee,Coke,Tacos/Fajita
Coffee,Coffee,Scone,Coffee
Coffee,Coffee,Pastry,Cake
Toast,Bread
Bread,Baguette
Bread,Tiffin
Tea,Scone,Soup
Coffee,Coffee,Bread,Soup
Bread,Coffee,Tea,Cookies,Hot chocolate
Coffee,Coffee,Alfajores,Pastry,Pastry,Juice
Juice,Tea,Bread
